id,participant_id,submitted_at,q38_attention,q41_duration,q42_comments,q39_contradictory_info,q19_task_easy,q20_task_quick,q21_task_familiar,q22_tool_reliable,q23_tool_practical,q24_tool_like,q25_tool_easy_use,q26_tool_clear,q27_tool_control,q28_tool_info_provided,q29_tool_easier_task,q30_tool_useful,q31_tool_too_much_info,q32_tool_difficult_focus,q33_results_accurate,q34_results_trust,q35_results_complete,q36_results_relevant,q37_results_useful,q40_purchase_likelihood
aebb3361-0bba-46d2-9622-2785acb7c8b3,fe4a79bb-642e-49d8-920a-a5f39035ffe3,2025-11-20 16:30:12.966171+00,3,Less than 2 minutes,yea,"[""Other""]",6,4,6,6,6,5,7,6,5,5,6,5,7,6,7,5,5,6,7,2
b74b4dc8-b7b2-4816-965d-cc8ed24df3fc,151939c4-8aae-490b-92eb-c7d353a4a95c,2025-11-18 18:27:05.061232+00,3,6–10 minutes,"I might if the information is provided in a larger and wider window, and if the chatbox continues with the same set of phones it came up with since the first chat","[""I did not find any contradictions""]",5,5,5,5,6,7,6,4,6,7,6,7,6,4,4,5,5,5,5,6
0697e7ca-d908-49e5-be65-18ade5105ddd,e2f70344-8588-468c-9dc2-8c2993f5b6c9,2025-11-15 23:36:06.862026+00,3,3–5 minutes,it was a little slow,"[""I trusted the first response I got"",""I relied on my own knowledge or judgment""]",6,5,7,3,4,4,4,4,4,5,5,5,6,5,3,4,4,6,3,5
d651caff-2c77-4613-b3c2-a3132a7fdf1d,82e40cf7-aadd-46a9-a1b5-f68aed30f6af,2025-11-15 06:42:42.68637+00,3,Less than 2 minutes,"No, I felt like it was not that complicated, but still complicated to use because of the fact that I was unexperienced.","[""I trusted the first response I got""]",2,5,3,5,5,5,4,5,4,4,4,5,4,4,5,6,3,4,3,6
efc9e4af-24aa-4025-87c4-d93cc6113a01,233c60f2-995c-4779-970d-dbbbd7c1da52,2025-11-14 23:28:53.32169+00,3,3–5 minutes,"Yes, helps save time and provides me with relevant information.","[""I chose the response that seemed most detailed or complete"",""I relied on my own knowledge or judgment""]",7,7,3,6,6,6,7,7,7,7,7,7,7,7,6,6,6,6,6,5
2a190093-dfac-4abf-865d-db39aaec0f71,88584cfe-a550-4209-a1f3-be628bb2647b,2025-11-13 16:35:17.393987+00,3,Less than 2 minutes,N/A,"[""I did not find any contradictions""]",7,5,5,5,5,5,6,6,6,6,6,6,6,4,5,5,5,5,5,4
ada5f830-2eb7-416a-b983-11f0402fa81f,25e47297-047a-4582-bc17-c13f5b2ef07b,2025-11-13 13:05:10.063103+00,3,More than 10 minutes,"Yes , I like it it gave clear answer and provided sources","[""I asked more questions or looked for additional sources""]",7,7,2,5,5,5,6,7,5,7,5,5,4,5,7,7,7,7,7,4
2f51f361-d7f5-4054-bf46-af5afba1c707,f668df6c-a949-40d0-8ff9-840a65e676a2,2025-11-12 20:53:40.697109+00,3,3–5 minutes,Probably not. Too much information in bad formatting made it hard to read and less motivating to sift through.,"[""I asked more questions or looked for additional sources"",""I relied on my own knowledge or judgment""]",5,5,6,4,6,6,6,7,4,5,7,6,6,7,5,5,5,6,6,2
1ac2c2fa-887e-4247-8a14-6556319c1e51,76ca052a-413b-426f-bf8e-5bc80d00c05a,2025-11-12 20:18:34.005195+00,3,3–5 minutes,It didn't really help me choose a phone.,"[""I asked more questions or looked for additional sources""]",1,1,7,2,1,1,1,1,1,2,1,1,2,6,4,2,2,2,2,5
95967343-9a85-489c-a517-3a0fc1670216,eb2efe5b-53d6-4751-9ba5-2004d1234e28,2025-11-12 15:42:26.498204+00,3,Less than 2 minutes,Yes. It was easy to use. The negative was that it didn't pick up that I asked for the price in euros.,"[""I asked more questions or looked for additional sources""]",4,3,5,5,4,5,7,7,7,7,7,7,5,6,5,4,4,5,5,4
7047515b-7f5c-4073-81a6-5e7784d0c1cd,b5a7af15-f889-4b20-b58c-192fe764f0b6,2025-11-11 19:13:10.250818+00,3,3–5 minutes,"Yes, but I would use it only for a certain type of shopping or for doing comparison between products","[""I did not find any contradictions""]",6,4,1,5,5,6,7,6,5,7,7,6,3,2,2,5,6,6,6,5
16db464f-07d2-4f55-a1e4-692e1785e871,d7c7e6ac-408e-462d-8c9a-5f27b58b5aa8,2025-11-11 16:08:37.749107+00,3,3–5 minutes,"I would try to but definitely compare the results to some online reviews or reviews from friends ","[""I relied on my own knowledge or judgment""]",3,5,5,4,4,5,5,5,5,5,5,5,4,4,5,4,5,5,5,3
f501738d-b783-4262-ba00-045e0429a858,0ba4f0a8-673f-4054-80e0-690aaf497b51,2025-11-11 03:19:09.666247+00,3,3–5 minutes,"No, it gives way too much information and doesn't make clear comparisons","[""I asked more questions or looked for additional sources""]",5,5,5,3,5,2,2,3,2,3,2,3,5,7,3,5,3,5,5,5
3835ccbb-3066-4a02-89b8-260f5b7e0a2d,548569b2-6aeb-4403-9dfe-4b84cd9cbf25,2025-11-10 22:39:30.192273+00,3,Less than 2 minutes,"no, since there was info i didnt ask for and not enough info i asked, results were inconsistent for every result","[""Other""]",6,6,6,5,4,4,5,4,5,4,4,4,4,4,4,4,4,3,3,6
dc3c5f1a-3d54-4162-9a16-38170ed5d31b,e483224e-1a8b-49ed-8bd7-42e5478ff6b0,2025-11-10 16:28:37.183964+00,3,More than 10 minutes,"I would maybe ask but not use it as my only information
","[""I trusted the first response I got"",""I chose the response that seemed most detailed or complete"",""I relied on my own knowledge or judgment""]",6,6,2,6,6,6,6,5,5,6,6,6,3,6,6,6,6,6,6,2
2ec17a51-dc51-44f9-8232-8e63e890442d,9e7360ab-bdd9-40a7-a7f1-83fa542060b0,2025-11-10 15:30:35.17294+00,3,More than 10 minutes,"Yes, when I am unsure with my decision, I can try to use the search tool to help my decision","[""I asked more questions or looked for additional sources"",""I relied on my own knowledge or judgment""]",6,6,6,6,6,6,6,6,6,6,6,6,6,4,5,5,5,5,5,5
7116739b-08f0-4565-9c74-7c4e4ae6b90e,ca9b0948-8403-4218-8775-d36126f6cb02,2025-11-09 13:35:58.59036+00,3,Less than 2 minutes,Test,"[""I trusted the first response I got""]",1,1,1,1,1,1,1,1,1,1,1,1,7,7,7,7,7,7,7,4
49ac15a3-eec7-4c68-b862-f63ac8e5b8b5,2c298a5e-7070-4fd7-a6fe-ff3907029e8c,2025-11-09 12:47:30.162237+00,3,3–5 minutes,"No, the tool is unreliable, a google search is faster and more accurate ","[""I relied on my own knowledge or judgment""]",3,2,6,4,1,2,4,4,2,2,2,3,4,2,3,1,4,4,4,5
ce33e27b-e7c1-4128-b5f7-b5aa9eb0ad3e,21121fd2-00ef-4b2a-974f-823f26f3f7fd,2025-11-08 14:03:08.698653+00,3,6–10 minutes,"No. At least not for now. I asked to provide me with the link to buy the cheapest IPhone 17 Pro in Germany and the first link it gave me was a website with delivery to Switzerland only… I don’t trust AI chats in looking for a precise and actual information. More than that, if it comes to buying technical equipment, I would not ask for AI advice, but rather watch several tech geeks on YouTube and order from the store I trust, rather than where it is cheap. «Buy cheap, pay twice». ","[""I relied on my own knowledge or judgment"",""I asked more questions or looked for additional sources""]",3,3,5,2,1,1,5,5,5,6,2,2,5,5,2,2,3,4,3,5
50ff2386-e4ce-45b4-ae1f-9b2e927b6051,090b95b5-f52a-4e45-8665-1cc819388638,2025-11-07 15:14:41.304226+00,3,Less than 2 minutes,"I am more familiar with chatgpt, one tool for all. I don't like having many tools","[""I did not find any contradictions""]",6,7,5,5,5,6,5,6,7,7,6,5,2,1,4,5,6,6,5,7
2a1f634f-a95c-4975-a810-bcccdfb28cd2,47ead152-a4ca-406f-b621-4baca17ac0b0,2025-11-07 13:55:45.749119+00,3,More than 10 minutes,"No, ı have other options","[""I asked more questions or looked for additional sources""]",5,5,2,4,3,3,5,5,3,5,3,3,5,5,5,5,5,5,5,5
5a661e4b-ee90-4f11-8910-7cc09018568e,dae39537-13a5-45a3-ae49-4dbd155f0de2,2025-11-07 13:54:48.296112+00,7,6–10 minutes,Yes,"[""I trusted the first response I got""]",7,7,7,7,7,7,7,7,7,7,7,7,7,7,7,7,7,7,7,7
23ca75aa-ea1e-4225-801b-0894fe9a73b4,157bcbd1-0270-41ee-af9a-4211ed21ea7c,2025-11-07 13:17:17.338484+00,3,3–5 minutes,yes.it was similar to other AI tools I use.,"[""I asked more questions or looked for additional sources""]",4,6,2,7,6,6,7,7,6,6,6,6,5,4,5,5,5,5,6,5
6c3dc26d-d47f-44cd-90af-3de3d1113e31,95a96e83-18a8-47ad-919e-faee2ccf6d1d,2025-11-07 13:11:42.069766+00,3,More than 10 minutes,"no, i already rely on other platform.","[""I asked more questions or looked for additional sources"",""I relied on my own knowledge or judgment""]",5,6,4,6,5,4,3,2,4,4,5,3,5,5,5,5,4,5,5,5
60f29ecd-cf22-43f1-8469-9f2026a429bc,b4dc7adf-e8db-4728-b4e3-9581f9be6651,2025-11-06 16:11:03.415083+00,3,6–10 minutes,"if the performance in providing valid and reliable results, I would be happy to use such a tool for such a purpose","[""I asked more questions or looked for additional sources""]",5,6,5,4,4,5,6,5,5,4,5,5,6,6,4,4,4,5,5,4
876dc5e5-b577-418a-a501-094d67ce5320,18b17697-3a40-4604-ba57-75c836a01401,2025-11-04 17:39:18.73308+00,3,More than 10 minutes,"I don't think so 
I didn't found it very practical and easy","[""I relied on my own knowledge or judgment""]",2,1,1,4,3,3,3,3,4,5,5,5,5,5,4,4,4,4,5,5
c1e43988-9bfc-485d-9f4d-87a75d711920,bfa88b12-3ef7-44b4-b63a-edfae1b18d71,2025-11-04 16:24:20.424814+00,3,More than 10 minutes,"No I feel Google search provide more structural
Details that I can check further or go back ","[""I asked more questions or looked for additional sources"",""I relied on my own knowledge or judgment""]",5,4,3,5,5,5,4,4,3,4,4,4,4,5,5,5,5,5,5,5
85f9b4da-8e93-43b7-b659-07fc83255c31,1cde5bc6-87ef-4a39-87da-3e93c51cfffa,2025-11-03 21:06:29.565073+00,3,6–10 minutes," Actually it was such a coincidence that I am in search of a new phone and the tool helped me a lot in that sense. Because I had no idea where to start. I liked the explanations that the tool gave and it also made relevant comments according to what I need. I would use it again! One note on the survey: I first did not understand that I was supposed to search for the phone on the Internet by myself. Maybe it could be helpful for users if you specify that they need to search for it on the Internet and then answer. Thanks a lot for this study! All the best!","[""I relied on my own knowledge or judgment""]",6,2,6,6,6,6,6,6,3,6,3,6,4,3,6,5,6,6,6,6
011d92d4-8ff3-470b-9cde-4d1df79a6135,a7128b4a-e209-487c-844d-c485ecac85ec,2025-11-03 20:50:28.41135+00,3,3–5 minutes,"Yes, it collects relevant information quickly and can help me make informed decisions ","[""I asked more questions or looked for additional sources"",""I relied on my own knowledge or judgment""]",6,4,5,5,6,6,7,7,6,6,6,6,4,4,5,5,4,6,6,5
c2e42241-6af4-44e6-a8e6-cd3d5b0b6b16,b9fede00-231a-4c78-8324-6691b1533caf,2025-11-03 20:44:20.401378+00,3,3–5 minutes,Yes why not,"[""I asked more questions or looked for additional sources"",""I chose the response that seemed most detailed or complete""]",7,2,7,7,7,7,7,7,7,7,7,7,4,4,4,7,7,7,7,7
520adb9f-22f7-4ebc-b8d3-5a52435b08e5,a543481c-04cb-4b98-a616-eaf896f1df99,2025-11-03 18:31:10.503298+00,3,Less than 2 minutes,"No, thanks. I would Not use it again","[""Other""]",3,6,6,4,1,1,4,4,4,4,4,1,7,7,4,3,4,3,3,1
97031726-81c5-49d0-84ab-b0c0566d178e,cb9660a8-d526-4241-8700-235ce3e07153,2025-11-03 18:04:06.148242+00,3,6–10 minutes,"Maybe,, but too many links made it confusing","[""I chose the response that seemed most detailed or complete"",""I relied on my own knowledge or judgment""]",3,4,5,4,3,3,3,3,2,3,2,2,3,5,4,4,4,4,4,3
746ef2d0-753e-495c-a82e-79fccd03cfe7,386be8d7-6771-4885-8745-e30399b113d0,2025-11-03 16:22:38.706061+00,3,3–5 minutes,Depending on the task yes. Most likely not for smarphones but for home appliances like a vacuum cleaner robot,"[""I asked more questions or looked for additional sources"",""I relied on my own knowledge or judgment""]",6,2,7,4,3,3,5,5,2,7,5,5,7,7,7,7,2,5,5,6
751f945a-3a22-461a-8f6d-2009c0250b49,a5192e43-ba28-42e5-84ef-bae523f81e89,2025-10-31 16:28:58.725571+00,6,Less than 2 minutes,.,"[""I asked more questions or looked for additional sources""]",6,6,7,6,6,6,6,6,6,6,6,6,6,6,6,6,6,6,6,6
b80fc86c-b98f-48a8-becf-70e7dd758614,a65764e7-9c2f-4219-aa12-fd54da7bf875,2025-10-31 14:49:25.724443+00,3,Less than 2 minutes,"The system provides many accurate information with reference which is reliable but overwhelming. Since I’m familiar with buying tech products on the official website, I would like to use this system to collect base information first and go details to the website by myself.","[""I asked more questions or looked for additional sources"",""I relied on my own knowledge or judgment""]",5,5,6,4,4,3,4,4,3,7,3,4,7,7,5,5,7,6,5,6
66be0e1f-0b4c-4c3c-ac00-d5cc0f8a7d73,e9a313e1-1c7e-4546-9f45-cb2354489190,2025-10-31 14:43:58.40875+00,3,6–10 minutes,I would use it when it answers my questions and remembers my prior answers. I had a hard time rewriting the country which i wanted to order the phone. Other than this I liked the simple and generic but technical answer it gave me based on my knowledge.,"[""I asked more questions or looked for additional sources"",""I chose the response that seemed most detailed or complete"",""I relied on my own knowledge or judgment""]",3,2,6,6,4,5,3,7,1,2,3,6,2,1,6,6,6,7,7,4
ed41f34c-aba8-4199-af11-1ce0251ba9b3,145a5e3a-5d68-4457-9cc1-eaffd6662734,2025-10-31 14:19:56.419881+00,3,3–5 minutes,I wouldn’t because I like to find my sources on my own.,"[""I asked more questions or looked for additional sources""]",6,6,2,3,4,5,3,2,2,3,3,2,5,5,3,2,2,4,4,5
c1295833-8dcb-47b2-bdab-388eb69a8606,de565c32-62e7-4659-92f7-bfd80fc0a61c,2025-10-31 12:53:26.05638+00,3,More than 10 minutes,"No really, I can find better results in Google and the chatbot make me feel more confused besides before to buy a phone I like to watch unboxing videos and videos about the features of the phone not just information in a conversation ","[""I asked more questions or looked for additional sources"",""I relied on my own knowledge or judgment""]",2,6,6,1,1,1,5,2,1,1,2,2,2,4,1,2,1,2,1,1
8702b2e1-37ed-4efe-a80d-921c3ce9e90e,248c1f6f-3b38-4411-a85c-8040a5a74f4d,2025-10-30 23:16:46.232019+00,3,3–5 minutes,"No, because i think I prefer recommendations from users instead of machine. Social media provides user reviews with pictures, which are more targeted and useful for me","[""I asked more questions or looked for additional sources""]",6,6,6,5,3,3,5,6,4,6,6,5,5,6,6,6,6,7,6,6
9bbad962-ea33-4e3f-92c1-9f03e0f7b766,6e109541-c2ae-46ea-827a-edf44d67660e,2025-10-30 20:51:14.045412+00,3,6–10 minutes,Yes for sure.,"[""I trusted the first response I got"",""I chose the response that seemed most detailed or complete"",""I relied on my own knowledge or judgment""]",5,4,5,5,4,4,4,4,5,5,4,5,4,4,5,4,4,4,5,7
58fa0a71-5770-4f3d-825f-221459c09a28,ca0c9bac-e5be-4d79-af83-2c5358af9657,2025-10-30 20:13:31.17622+00,3,3–5 minutes,Yes,"[""I did not find any contradictions""]",5,5,7,7,7,7,7,7,7,7,7,7,7,2,7,7,7,7,7,6
613ca430-b982-4861-bd5d-0071458c804b,5f62d87d-4912-454b-94d1-309c26c16b08,2025-10-30 19:30:32.438173+00,3,3–5 minutes,"Yes, it is easy to use
","[""I chose the response that seemed most detailed or complete""]",3,3,3,4,4,5,6,5,5,5,4,4,4,3,5,5,5,5,5,4
ebb25f78-6450-4a55-a54a-1de948f3e4fe,a9ea56d9-8f16-4706-8730-7759a9ae43ff,2025-10-30 18:09:08.848127+00,3,6–10 minutes,Yep. It's still very useful if you can provide sufficiently accurate information and firm opinions.,"[""I chose the response that seemed most detailed or complete""]",6,5,7,3,3,2,4,5,5,6,5,5,3,6,5,4,3,5,5,6
6cfa9383-2a58-4e69-b2a7-758522762992,8a704f7e-d8ff-41c4-9b3e-59fcd5f499cc,2025-10-30 16:56:54.741412+00,3,3–5 minutes,"Not really, it seems that the chat didn't have memory, so the following answers where not really good. Also I asked for prices in euros and gave me links with prices in pounds. At the end I would have to check manually for this correct configuration and see if the page that offers the smartphone have delivery to my region.","[""I asked more questions or looked for additional sources"",""I relied on my own knowledge or judgment""]",5,5,1,4,5,5,6,5,4,5,5,5,4,6,3,3,5,4,5,4
7110873d-a846-4b72-8624-a4f2ec6e1899,0e8e279b-2364-4850-9f67-b682817f8378,2025-10-29 21:44:59.23707+00,3,More than 10 minutes,"Yes, it shows the resources from where it takes the information, that makes it easier if I want to confirm the answers I receive","[""I did not find any contradictions""]",5,5,4,5,6,6,6,6,6,6,6,6,6,5,5,5,6,6,6,5
a0644d08-b3b6-4b25-988f-91ceac4ae564,1940263c-44df-4d4e-99cc-30f9f694a859,2025-10-29 09:58:52.41178+00,6,3–5 minutes,Lady Gaga,"[""I relied on my own knowledge or judgment""]",6,4,2,6,6,6,6,6,6,6,6,6,4,4,6,5,5,5,5,6
aa45efbf-742a-43fb-ae87-e53892ffcd9a,922bc86b-cd31-4f8c-8888-2478c91fbeeb,2025-10-28 23:24:42.491996+00,3,3–5 minutes,im not sure it didnt give me the price and it seems weak when handling price related questions,"[""I asked more questions or looked for additional sources"",""I relied on my own knowledge or judgment""]",5,5,4,4,4,4,5,4,4,5,5,5,4,4,5,4,4,5,5,3
ad27dc4a-df94-44a9-aac9-063a4e9b01d0,e755ba77-40fc-4737-b6f4-077633acb963,2025-10-28 18:50:14.198414+00,4,More than 10 minutes,"Yes, it provides comprehensive information about the shopping task. But I would prefer to be provided with some pre-defined questions to help me quickly screen information and think about which aspects I should consider when making a decision.","[""I asked more questions or looked for additional sources"",""I chose the response that seemed most detailed or complete"",""I relied on my own knowledge or judgment""]",6,2,4,5,5,6,6,5,6,6,5,5,3,4,6,6,5,4,6,5
d68929bc-b1cc-41db-9398-2689700637d0,416d5225-0175-4c9d-964c-2998e2d7acb1,2025-10-28 18:20:49.612247+00,6,3–5 minutes,good,"[""I trusted the first response I got""]",6,6,6,5,6,6,5,6,6,6,6,5,5,5,5,6,6,6,6,6
b5776f9b-caf6-46fb-a9e4-3b20b9c26a0d,337cc878-f0b7-4807-9005-08dcc0228a6a,2025-10-27 17:47:16.919443+00,4,3–5 minutes,.,"[""I asked more questions or looked for additional sources""]",6,2,5,4,4,4,4,4,4,4,6,2,5,3,4,1,5,3,4,4
2ce31c4d-6474-44e7-bc07-6f7eef1cdf65,193a0563-b869-4bbe-aa9e-d81bacf59a3e,2025-10-27 16:31:54.633547+00,3,More than 10 minutes,"Yes, it can summarize the online information in a faster way","[""I trusted the first response I got""]",1,1,1,6,7,7,7,6,7,6,6,6,7,6,5,3,4,4,4,4
f1574d67-ce39-43f5-8d9f-54c1a4460198,41c0b6d2-f05f-4378-90a6-45c6fff68e44,2025-10-27 16:08:35.253238+00,3,Less than 2 minutes,Test,"[""I trusted the first response I got""]",4,4,4,4,4,4,4,4,4,4,4,4,4,4,4,4,4,4,4,4
6f6e6ffb-e40f-4eef-a41d-b39f74e3e376,25040da2-2cce-4925-9fbd-855669f4cb23,2025-10-27 15:59:24.688139+00,3,6–10 minutes,"Not really. The search results are largely United States based. Yet I live in Germany and know of better offers and places to shop.  ","[""I did not find any contradictions""]",4,2,2,1,2,4,6,6,6,5,4,4,5,6,7,7,5,4,6,1
7dcde346-2f2a-4df4-b642-6661c27f07e5,328a652b-9ad2-4b70-ad1a-49a8f1fcc02d,2025-10-27 14:48:10.815404+00,3,3–5 minutes,"Yes, I think it is a useful tool, with some improvements and having more specific information about the shopping im doing it can become more successful, but overall it was a good experience and is great tool.","[""I relied on my own knowledge or judgment""]",3,5,6,3,5,5,6,6,5,4,5,5,5,6,3,4,4,5,5,2
d77ccc6a-5c96-48f8-a3db-287dea459b3d,5210feaa-5c2a-4444-b912-dc52d88c72c5,2025-10-27 13:22:47.165051+00,3,6–10 minutes,"I wouldn`t suggest this, because if it fails, my friend would tell me that you suggested that service. there is no visual comparison given in chat so it is a bit difficult to read through it.","[""I asked more questions or looked for additional sources"",""I chose the response that seemed most detailed or complete""]",1,3,4,2,2,3,2,2,2,3,3,3,6,7,3,2,2,3,3,4
7e568f1a-10a8-4de0-820c-6b806ac7c87c,b7a9b5f0-50fe-47ea-ac8a-f6ef1df7ba72,2025-10-27 13:14:27.743911+00,3,3–5 minutes,"It seems a bit slow. Also it gives way too much information for a simple question. ","[""I trusted the first response I got"",""I chose the response that seemed most detailed or complete"",""I relied on my own knowledge or judgment""]",7,7,7,6,6,6,7,6,5,6,5,6,7,7,5,6,4,5,6,5
a927479b-cfc8-44e2-a5d6-72bfb9dc2e0e,faab30af-69f5-4422-bab2-0387d01d8765,2025-10-27 11:54:25.347188+00,3,Less than 2 minutes,I will use for initial research only,"[""I trusted the first response I got"",""I did not find any contradictions""]",7,7,1,7,7,1,7,1,1,4,4,2,1,7,6,7,7,1,1,4
a23b75a3-57f1-4a94-ae9d-8cb07eaf7923,5ce7762a-639c-456b-9482-8f3d2c2094f9,2025-10-27 11:35:47.928054+00,3,More than 10 minutes,"Definately not. I don't trust AI to handle search job for me, most of the time AI are block out from the useful sales channels that really can provide me a good buying option. ","[""I relied on my own knowledge or judgment"",""I did not find any contradictions""]",1,7,4,1,1,1,1,4,1,2,1,1,1,1,6,3,1,4,1,1
6f18c521-5292-496f-892c-9d6876f0a0c4,bb7758ff-4018-4589-9209-4c9d1cfb3556,2025-10-27 11:24:41.361404+00,3,3–5 minutes,Since I already have several reliable tools probably not.,"[""I relied on my own knowledge or judgment""]",7,7,7,5,6,6,7,7,7,6,6,5,4,3,6,5,7,6,5,6
a02f47ff-5fc0-432e-8bc7-3eeac5ed8248,54f85d8d-cee9-4fb0-babc-124951e8bb0b,2025-10-24 17:43:15.374222+00,3,3–5 minutes,test,"[""I asked more questions or looked for additional sources"",""I chose the response that seemed most detailed or complete"",""I relied on my own knowledge or judgment""]",6,6,5,6,6,6,6,6,6,6,6,6,1,1,6,6,6,6,6,5