participant_id,q1_age_group,q2_gender,q3_education,q4_employment_status,q5_nationality,q5_nationality_sd,q6_residence,q6_residence_sd,q7_chatbot_familiarity,q8_data_quality,q9_ai_usage_frequency,q10_search_tools,q10_tool_1,q10_tool_2,q10_tool_3,q10_tool_4,q11_budget,q12_brand_model,q12_brand_only,q13_storage_capacity,q13_storage_1_sd,q13_storage_2_sd,q14_color,q14_color_1_sd,q15_price,q15_price_euro,q15_price_range,q16_website,q17_price_importance,q18_important_features,q18_feature_1,q18_feature_2,q18_feature_3,q19_task_easy,q20_task_quick,q21_task_familiar,q22_tool_reliable,q23_tool_practical,q24_tool_like,q25_tool_easy_use,q26_tool_clear,q27_tool_control,q28_tool_info_provided,q29_tool_easier_task,q30_tool_useful,q31_tool_too_much_info,q32_tool_difficult_focus,q33_results_accurate,q34_results_trust,q35_results_complete,q36_results_relevant,q37_results_useful,q38_attention_check,q39_info_1,q39_info_2,q39_info_3,q40_purchase_likelihood,q41_duration,q42_comments,background_submitted_at,instruction_submitted_at,postsurvey_submitted_at,ip_address,device_type,results_submitted_at,session_start_time,session_end_time,session_duration_ms
09e6255b-ed66-4eea-a314-104a08130ac0,35-44,Female,Doctorate / PhD,Employed,UK,UK,UK,UK,7,1,,"Google, Ebay, Etsy, ViaLibri",Google,Ebay,Etsy,Vialibri,€450-599,Fairphone 5,Fairphone,256gb,256 GB,,transparent,Transparent,520,"520,00",€450-599,"https://shop.fairphone.com/shop/fairphone-5-273?attr=97%2C153&color=99&select=152#attr=97,153",3,"[""other"",""display"",""camera""]",Other,Display,Camera,5.0,6.0,7.0,2,3,4,4,5,5,5,4,5,2,1.0,4,4,2,5.0,5.0,3,I searched for and compared additional sources,I relied on my own knowledge or judgment,,4.0,6-10,"I liked the more minimal interface, and I liked going to vendor pages from links - I preferred this to a version of google which pulls out product information from websites, like google shopping. However, my sense was that I was getting very incomplete results.",2025-10-31 22:11:56.864775+00:00,2025-10-31 22:12:41.977243+00:00,2025-10-31 22:22:26.969691+00:00,129.67.117.187,desktop,2025-10-31 22:19:44.042285+00:00,2025-10-31 22:10:58.834+00,2025-10-31 22:18:19.43+00,440596.0
15ef74b6-a61a-474c-b855-696b20ce58fb,55 and above,Male,Master's degree,Employed,German,Germany,Germany,Germany,1,1,0 times,Google,Google,,,,€150-299,Xiaomi Redmi Note 14,Xiaomi,256,256 GB,,Green,Green,285,"285,00",€150-299,https://www.mediamarkt.de/de/content/handy-gadgets/smartphones/handys-bis-300-euro-in-tests,4,"[""battery"",""software""]",Battery,Software,,,,,4,4,4,5,5,5,5,5,5,2,2.0,4,4,4,5.0,5.0,3,I did not find any contradictions,,,5.0,3-5,Maybe,2025-10-24 14:12:35.527412+00:00,2025-10-24 14:21:30.862457+00:00,2025-10-24 14:28:43.167002+00:00,213.146.69.174,desktop,2025-10-24 14:27:11.483904+00:00,2025-10-24 14:11:51.631+00,2025-10-24 14:24:48.07+00,776439.0
1f0df1be-a1ea-4080-90c3-230fe9e35174,18-24,Female,Bachelor's degree,Student,United States,USA,United States,USA,6,1,,Google,Google,,,,,iPhone17,Apple,,,,,,799,"799,00",€600-799,https://www.apple.com/iphone/,5,"[""camera"",""performance"",""storage""]",Camera,Performance,Storage,,,,6,7,6,7,6,6,6,6,7,3,3.0,5,4,3,6.0,6.0,3,I searched for and compared additional sources,,,3.0,3-5,"Yes, it showed me relevant results for what I am looking for immediately, which was nice.",2025-11-10 03:25:51.855943+00:00,2025-11-10 03:26:25.769685+00:00,2025-11-10 03:29:58.830293+00:00,108.2.105.241,desktop,2025-11-10 03:28:20.935272+00:00,2025-11-10 03:25:14.283+00,2025-11-10 03:26:06.698+00,52415.0
2afa9961-1844-49e8-80fc-444466532f46,25-34,Female,Master's degree,Employed,Russian,,Russia,Russia,6,6,0 times,Google,Google,,,,Over €800,iPhone 17 Pro ,Apple,256 GB,256 GB,,Cosmic orange ,Cosmic Orange,1449,"1449,00",Over €800,https://www.apple.com/de/iphone/,3,"[""battery"",""camera"",""display""]",Battery,Camera,Display,7.0,1.0,4.0,7,7,7,7,7,7,7,7,7,2,2.0,6,6,6,7.0,7.0,3,I chose the result that seemed most detailed or complete,I relied on my own knowledge or judgment,,7.0,less-than-2,"Yes, the tool was transparent and easy to use, though I didn’t see any significant differences between the Google I’m used to and this tool.",2025-10-24 17:08:04.105300+00:00,2025-10-24 17:10:42.739044+00:00,2025-10-24 17:15:27.907607+00:00,2a00:1370:8180:f390:10f5:bcf9:8f0:be3f,mobile,2025-10-24 17:12:41.450159+00:00,2025-10-24 17:06:39.799+00,2025-10-24 17:10:49.029+00,249230.0
2d8dd1db-9d38-49e0-bf03-5b4735523d27,18-24,Female,High school or below,Student,Swiss,Switzerland,Switzerland,Switzerland,7,4,,"Google, tiktok, official website",Google,TikTok,official website,,Over €800,Iphone 15 plus,Apple,128GB,128 GB,,Black,Black,549.-,"549,00",€450-599,www.swisscom.ch,5,"[""battery"",""camera"",""performance""]",Battery,Camera,Performance,7.0,3.0,7.0,5,6,7,7,7,7,7,7,7,5,4.0,5,4,4,5.0,5.0,3,I searched for and compared additional sources,I relied on my own knowledge or judgment,,4.0,more-than-10,"No, AI didn’t show the classical bar abovd",2025-10-29 09:54:21.050268+00:00,2025-10-29 09:54:41.702835+00:00,2025-10-29 10:01:23.058400+00:00,172.225.188.246,mobile,2025-10-29 09:58:09.817211+00:00,2025-10-29 09:52:50.793+00,2025-10-29 09:54:46.465+00,115672.0
2e912156-c7b7-4268-8420-128a859c4876,25-34,Female,Master's degree,Employed,Vietnamese-german,Germany,Germany,Germany,3,3,0 times,Google,Google,,,,€450-599,Samsung galaxy s24,Samsung,,,,,,530 eur,"530,00",€450-599,Amazon,5,"[""battery"",""camera"",""performance""]",Battery,Camera,Performance,5.0,4.0,4.0,3,2,2,5,3,2,2,3,2,4,4.0,3,3,2,2.0,2.0,3,I searched for and compared additional sources,I relied on my own knowledge or judgment,,3.0,more-than-10,"Yes, easy to use",2025-10-26 15:45:12.277452+00:00,2025-10-26 15:45:16.132619+00:00,2025-10-26 15:48:06.054724+00:00,84.176.238.16,mobile,2025-10-26 15:46:09.863472+00:00,2025-10-26 15:44:29.794+00,2025-10-26 15:45:39.02+00,69226.0
3409f5be-93f2-44f4-8edb-910e95126257,25-34,Female,Bachelor's degree,Employed,British,UK,Uk,UK,5,1,1-2 times,Google,Google,,,,Under €150,iphone 12,Apple,128gb,128 GB,,black,Black,£140,,,www.amazon.co.uk,5,"[""battery"",""camera"",""display""]",Battery,Camera,Display,5.0,6.0,5.0,6,6,6,5,6,5,5,5,5,5,5.0,5,5,5,5.0,5.0,3,I trusted the first result I clicked on,,,5.0,less-than-2,Its easy to use,2025-11-10 07:23:32.649361+00:00,2025-11-10 07:23:42.671639+00:00,2025-11-10 07:25:31.551284+00:00,82.132.245.134,mobile,2025-11-10 07:24:45.804281+00:00,2025-11-10 07:22:57.74+00,2025-11-10 07:23:56.719+00,58979.0
35f58cd5-b9a5-4132-a94d-8fcad2800a59,35-44,Female,Bachelor's degree,Student,Kazakh ,Kazakhstan,Germany,Germany,6,1,,Google ,Google,,,,€600-799,Apple iPhone 16e ,Apple,128,128 GB,,Black,Black,606€,"606,00",€600-799,https://www.amazon.de/-/en/Apple-iPhone-16e-128-Intelligence/dp/B0DXQHPY34?pd_rd_w=TXDBX&content-id=amzn1.sym.aeabe40c-63f0-42d0-8981-9bb65181db3f&pf_rd_p=aeabe40c-63f0-42d0-8981-9bb65181db3f&pf_rd_r=PGNG7K9ZVQF421RT4A3X&pd_rd_wg=REnKU&pd_rd_r=4492f892-9232-4838-b657-3b7f4afc7492&pd_rd_i=B0DXQHPY34&ref_=Oct_d_obs_B0DXQHPY34,4,"[""storage"",""battery"",""camera""]",Storage,Battery,Camera,5.0,5.0,1.0,3,3,4,4,4,5,5,5,5,5,5.0,5,4,4,4.0,4.0,3,I did not find any contradictions,,,3.0,3-5,I don’t think so. It is not visually appealing ,2025-10-24 19:13:03.589983+00:00,2025-10-24 19:13:54.201872+00:00,2025-10-24 19:22:36.379595+00:00,46.5.2.111,mobile,2025-10-24 19:19:39.938857+00:00,2025-10-24 19:11:36.971+00,2025-10-24 19:14:27.424+00,170453.0
3beee5db-499b-4741-b3ea-72c6f17ffb86,25-34,Female,Bachelor's degree,Employed,Vietnamese,Vietnam,Vietnam,Vietnam,6,1,,Shoppe,Shopee,,,,€450-599,Iphone16,Apple,125 GB,125 GB,,White,White,599,"599,00",€450-599,https://www.apple.com/iphone-16e/,6,"[""display"",""performance"",""software""]",Display,Performance,Software,6.0,7.0,6.0,7,6,5,6,5,6,6,5,5,4,4.0,6,6,6,5.0,5.0,3,I searched for and compared additional sources,I relied on my own knowledge or judgment,,3.0,6-10,"My experience with this version of Google Search is quite normal — I didn’t notice any major differences compared to the version I’m currently using.
When I need to shop for something like a phone or any other product, I usually go directly to e-commerce platforms such as Amazon, Shopee (in Vietnam), or the official website of the brand. These platforms already display multiple sellers and prices for the same item, which helps me compare easily, instead of clicking through multiple Google Search links one by one.",2025-10-24 08:55:18.954744+00:00,2025-10-24 08:59:09.367312+00:00,2025-10-24 09:19:59.596176+00:00,104.30.161.158,desktop,2025-10-24 09:04:36.488336+00:00,2025-10-24 08:47:58.199+00,2025-10-24 09:02:52.01+00,893811.0
403feef5-647d-4a34-a15a-c4bdc29fb2c2,18-24,Female,High school or below,Student,Latvian,Latvia,Latvia,Latvia,5,1,0 times,Google,Google,,,,€600-799,Samsung Galaxy S25 FE,Samsung,256 GB,256 GB,,Grey,Grey,"€649,99","649,99",€600-799,https://www.samsung.com/us/smartphones/galaxy-s25-fe/buy/galaxy-s25-fe-256gb-unlocked-sku-sm-s731uzkexaa/,3,"[""camera"",""performance"",""storage""]",Camera,Performance,Storage,4.0,3.0,3.0,5,5,6,6,6,5,6,6,6,6,6.0,5,6,4,6.0,6.0,3,I searched for and compared additional sources,I chose the result that seemed most detailed or complete,,6.0,3-5,"Yes, it works well for me",2025-11-09 14:56:32.243330+00:00,2025-11-09 14:57:54.747882+00:00,2025-11-09 15:30:19.979275+00:00,77.38.136.74,desktop,2025-11-09 15:16:04.986421+00:00,2025-11-09 14:41:44.625+00,2025-11-09 14:58:58.615+00,1033990.0
46cecb39-9314-46cc-96d1-cab8d848b582,18-24,Female,High school or below,Student,Italian,Italy,Switzerland,Switzerland,3,1,0 times,Google,Google,,,,€300-449,iPhone 12,Apple,256 GB,256 GB,,White,White,450 ,"450,00",€450-599,I dont have one,6,"[""battery"",""camera"",""performance""]",Battery,Camera,Performance,5.0,5.0,5.0,5,5,5,5,5,5,5,5,5,3,5.0,5,4,5,5.0,5.0,3,I searched for and compared additional sources,I chose the result that seemed most detailed or complete,I relied on my own knowledge or judgment,3.0,6-10,Useful and complete,2025-10-29 09:35:22.852639+00:00,2025-10-29 09:35:40.848534+00:00,2025-10-29 09:39:43.712753+00:00,194.230.145.197,mobile,2025-10-29 09:37:39.902233+00:00,2025-10-29 09:34:26.48+00,2025-10-29 09:36:35.508+00,129028.0
4a817424-a6d0-4029-b2d6-f9a1ee95db6a,25-34,Female,Master's degree,Employed,Vietnamese,Vietnam,Germany,Germany,5,1,,Google,Google,,,,Over €800,Iphone 17 pro,Apple,64,64 GB,,Orange,Orange,1299,"1299,00",Over €800,https://www.apple.com/shop/buy-iphone/iphone-17-pro,5,"[""battery"",""camera"",""storage""]",Battery,Camera,Storage,3.0,3.0,2.0,5,5,5,5,5,5,4,5,6,6,3.0,5,5,5,6.0,6.0,3,I relied on my own knowledge or judgment,,,5.0,3-5,"Yea, it was easy to use",2025-10-25 12:22:01.934973+00:00,2025-10-25 12:23:59.032113+00:00,2025-10-25 12:26:55.509982+00:00,146.52.229.17,mobile,2025-10-25 12:24:58.853109+00:00,2025-10-25 12:20:56.614+00,2025-10-25 12:22:36.49+00,99876.0
5616d1ae-0beb-4ccf-8165-8d2e0446c46a,18-24,Female,Bachelor's degree,Student,Czech,Czech Republic,Czechia,Czech Republic,7,1,,Google,Google,,,,€600-799,Samsung Galaxy S25 ,Samsung,128 GB,128 GB,,Navy,Navy,799,"799,00",€600-799,https://www.samsung.com/de/smartphones/galaxy-s25/buy/,5,"[""camera""]",Camera,,,6.0,6.0,6.0,5,3,4,6,5,5,4,4,3,4,4.0,3,4,3,3.0,3.0,3,I searched for and compared additional sources,,,3.0,3-5,"Not really, it didn’t adjust to my location, so instead of results in EUR, I got them in USD.
",2025-11-09 04:57:28.591263+00:00,2025-11-09 04:58:40.559409+00:00,2025-11-09 05:08:29.036910+00:00,46.135.59.69,desktop,2025-11-09 05:05:42.700058+00:00,2025-11-09 04:56:48.188+00,2025-11-09 05:00:23.447+00,215259.0
56e55a8c-87fe-4118-9a5f-a598ac2c3d22,,Female,High school or below,Student,Libyan,Libya,Canada,Canada,7,1,,Amazon,Amazon,,,,Under €150,NUU,NUU,128 GB,128 GB,,Titanium,Titanium,137.43 ,"137,43",Under €150,https://www.amazon.com/NUU-A15-Compatible-Teenagers-White/dp/B0CHDQFZW8/ref=sr_1_1_sspa?dib=eyJ2IjoiMSJ9.kpdGT0j-kZV0xZmH3Y7QZbA-j0feRJG0vJtNTJ5LHokf1qYneSZ9UH0mj-mB4wIUnrKA85fQnXmRAHr8lBxWN_eG7ohlnhWgp0yUneXxQ6u4XgrVqkfmGjO7z49BvWlvvH_kxi6o5M2eOnqR3ABhqLs3p9XQr1OTIgS5SkF8LFC_GrNHD6zkALz8QhhohsbSdE_AuufStYBtPDE9ELLaxsSWZaVx5VZMQsePzk9R8no.dLXww_yzr-fVNB-hkn2wGen318wDddCxdzGjnTdFj9E&dib_tag=se&keywords=Cheap%2BSmartPhones&qid=1762659878&sr=8-1-spons&sp_csd=d2lkZ2V0TmFtZT1zcF9hdGY&th=1,4,"[""battery"",""camera"",""display""]",Battery,Camera,Display,5.0,5.0,7.0,3,3,3,7,7,7,5,3,1,1,1.0,6,4,4,7.0,7.0,3,I trusted the first result I clicked on,I relied on my own knowledge or judgment,,2.0,less-than-2,"No, I'm more used to using chatgpt or checking socials to tell me what to do, google is what I use after I've checked in with my other wources.",2025-11-09 03:41:45.832670+00:00,2025-11-09 03:42:23.518140+00:00,2025-11-09 03:50:29.463781+00:00,174.112.73.50,desktop,2025-11-09 03:47:33.729167+00:00,2025-11-09 03:40:50.833+00,2025-11-09 03:44:55.46+00,244627.0
5addaa61-1640-4204-b112-292aa59a9ae2,18-24,Female,Bachelor's degree,Student,Autrian,Austria,Czech Republic,Czech Republic,7,1,6-10 times,"Amazon, Google",Amazon,Google,,,€450-599,Google Pixel 9+,Google,128 GB,128 GB,,Black,Black,439.6,"439,60",€300-449,https://www.alza.cz/google-pixel-9a?dq=12786321&hgtid=3c661509-ed0d-479d-9f62-0b5eabb35b32,2,"[""battery"",""storage"",""performance""]",Battery,Storage,Performance,,,,3,3,2,6,7,5,3,4,4,7,7.0,2,3,2,1.0,1.0,3,I searched for and compared additional sources,,,7.0,less-than-2,"Maybe not, I think the first pages that appeared were somehow irrelevant and from less reliable sources (I don't find reddit as reliable source for product recommendations). ",2025-11-09 11:11:03.597654+00:00,2025-11-09 11:11:47.674469+00:00,2025-11-09 11:18:08.357131+00:00,78.80.96.150,desktop,2025-11-09 11:15:35.259031+00:00,2025-11-09 11:09:31.863+00,2025-11-09 11:12:37.398+00,185535.0
62fcfbbd-4f1f-4829-9e4e-48426fa762c0,,Female,High school or below,Student,American,USA,United States of America,USA,6,1,3-5 times,Google,Google,,,,€450-599,iPhone 17,Apple,,,,,,829,"829,00",Over €800,Apple,5,"[""battery"",""camera"",""performance""]",Battery,Camera,Performance,,,,5,6,5,5,5,5,5,6,7,3,4.0,4,4,5,6.0,6.0,3,I did not find any contradictions,,,2.0,3-5,"No, I prefer the version I am currently using",2025-10-25 22:09:18.872907+00:00,2025-10-25 22:10:02.994065+00:00,2025-10-25 22:15:16.768793+00:00,76.92.36.29,desktop,2025-10-25 22:12:30.106079+00:00,2025-10-25 22:08:02.079+00,2025-10-25 22:10:06.678+00,124599.0
696139aa-8263-4f8f-a701-241c7350d222,18-24,Female,Master's degree,Student,China,China,China,China,6,1,6-10 times,rednote，Taobao,RedNote,Taobao,,,Over €800,iPhone16pro,Apple,256GB,256 GB,,White,White,960USD,"831,36",Over €800,https://www.amazon.com/Apple-iPhone-Version-256GB-Titanium/dp/B0DHJ8MZP2?th=1,5,"[""camera"",""performance"",""storage""]",Camera,Performance,Storage,6.0,5.0,5.0,5,5,5,6,6,6,6,6,6,4,5.0,5,5,5,5.0,5.0,3,I searched for and compared additional sources,I relied on my own knowledge or judgment,I chose the result that seemed most detailed or complete,5.0,3-5,"actually no.
I'd better like to search shopping-related information directly on shopping website",2025-11-11 05:06:47.922514+00:00,2025-11-11 05:11:26.020700+00:00,2025-11-11 05:16:44.029549+00:00,50.7.253.114,desktop,2025-11-11 05:13:08.709181+00:00,2025-11-11 05:05:49.126+00,2025-11-11 05:08:31.928+00,162802.0
6f950bea-dffd-4c60-8648-6b643e84d277,35-44,Female,Master's degree,Employed,French,France,France,France,3,1,0 times,Google,Google,,,,€150-299,Samsung Galaxy S21,Samsung,128,128 GB,,black,Black,239.99,"239,99",€150-299,https://www.boulanger.com/ref/1214811?offer=67ae1e6a-b10e-482e-be85-f6910fef531a,5,"[""battery"",""performance""]",Battery,Performance,,,,,4,5,5,5,5,5,5,6,6,3,3.0,5,5,3,5.0,5.0,3,I did not find any contradictions,,,5.0,6-10,It would need some getting used to but as any tool it has advantages and drawbacks.,2025-10-31 09:22:38.075690+00:00,2025-10-31 09:36:47.276239+00:00,2025-10-31 09:39:50.304401+00:00,86.202.112.51,desktop,2025-10-31 09:37:33.328608+00:00,2025-10-31 09:21:54.992+00,2025-10-31 09:35:36.07+00,821078.0
749fc4a3-e119-45b2-9566-9f94db61a02c,25-34,Male,Bachelor's degree,Employed,Sri Lankan,Sri Lanka,Germany,Germany,6,1,,Google,Google,,,,,iPhone 17 Pro max,Apple,512GB,512 GB,,Color - Deep Blue,Deep Blue,€1399 ,"1399,00",Over €800,https://www.apple.com/shop/buy-iphone/iphone-17-pro,6,"[""camera"",""performance"",""display""]",Camera,Performance,Display,5.0,6.0,4.0,6,4,5,7,7,6,6,5,6,4,3.0,5,6,4,5.0,5.0,3,I searched for and compared additional sources,,,1.0,more-than-10,"There is lack of information. Before I click on the results, I need to compare the basic information within the results list, such as the price range based on product variations, payment methods, and delivery options. Then I can compare the results and select the best seller to buy from. After that, I can check the features again, because when it comes to mobile phones, we usually already know the features before making the purchase.",2025-10-24 16:34:26.115025+00:00,2025-10-24 16:36:04.150917+00:00,2025-10-24 16:52:00.522987+00:00,94.134.181.60,desktop,2025-10-24 16:44:38.214011+00:00,2025-10-24 16:28:32.091+00,2025-10-24 16:38:46.548+00,614457.0
78c5f38e-ecce-40df-9a5a-fabf31dc8c61,18-24,Female,High school or below,Employed,Ukrainian,Ukraine,Lithuania,Lithuania,6,1,,google,Google,,,,Over €800,Iphone 17pro,Apple,256,256 GB,,white,White,1349,"1349,00",Over €800,https://www.ideal.lt/iphone/iphone-17-pro/iphone-17-pro-256gb,7,"[""battery"",""camera"",""display""]",Battery,Camera,Display,6.0,6.0,6.0,6,6,6,6,6,6,6,6,6,6,6.0,6,6,6,6.0,6.0,3,I trusted the first result I clicked on,,,7.0,3-5,yes,2025-11-09 15:52:08.348550+00:00,2025-11-09 15:52:38.689161+00:00,2025-11-09 15:55:30.913494+00:00,188.69.11.179,desktop,2025-11-09 15:54:40.562147+00:00,2025-11-09 15:37:21.788+00,2025-11-09 15:53:17.506+00,955718.0
7e98bf79-6d68-49e3-a639-e87289460987,25-34,Male,Master's degree,Employed,German,Germany,Germany,Germany,5,1,6-10 times,Google,Google,,,,Over €800,Iphone 17,Apple,512 GB,512 GB,,Black,Black,1200,"1200,00",Over €800,"https://www.apple.com/de/shop/buy-iphone/iphone-17/6,3%22-display-512gb-schwarz",4,"[""battery"",""display"",""camera""]",Battery,Display,Camera,4.0,5.0,3.0,6,6,4,5,5,4,5,4,5,4,4.0,5,4,4,5.0,5.0,3,I relied on my own knowledge or judgment,,,5.0,less-than-2,"I used it too little (under 2 minutes), in this short time span, the tool basically seemed like a „lighter“ version of google",2025-10-25 12:42:32.224182+00:00,2025-10-25 12:43:17.133856+00:00,2025-10-25 12:49:25.774439+00:00,146.52.229.17,mobile,2025-10-25 12:45:47.558735+00:00,2025-10-25 12:41:39.57+00,2025-10-25 12:44:30.202+00,170632.0
7fd80146-45d4-4ec9-9b58-d8074ab04ba5,25-34,Female,Master's degree,Student,Vietnamese,Vietnam,Germany,Germany,7,6,,Google,Google,,,,€450-599,iPhone 14,Apple,256 GB,256 GB,,,,444,"444,00",€300-449,https://www.mediamarkt.es/es/product/_movil-apple-mpvx3qla-purpura-256-gb-6-gb-ram-61-apple-a15-bionic-5-nm-ios-16-142488183.html,7,"[""storage"",""camera"",""battery""]",Storage,Camera,Battery,7.0,7.0,7.0,6,6,4,7,6,4,7,7,7,7,6.0,4,5,4,6.0,6.0,3,I searched for and compared additional sources,,,7.0,more-than-10,"This Google Search version does not have price comparison of different site in the front page, so I would prefer the search tools with price comparison more.",2025-10-24 11:52:46.800553+00:00,2025-10-24 11:54:20.846176+00:00,2025-10-24 12:01:32.243016+00:00,153.92.90.3,desktop,2025-10-24 11:57:36.778142+00:00,2025-10-24 11:51:08.796+00,2025-10-24 11:53:32.448+00,143652.0
80188f08-8c28-4ab9-878d-07eae49d8daa,25-34,Male,Master's degree,Student,Taiwan,Taiwan,Taiwan,Taiwan,7,1,,Shopee,Shopee,,,,Under €150,Realme 10 5G,Realme,128GB,128 GB,,Gold,Gold,€213.84,"213,84",€150-299,https://fr.mobgsm.com/mobile/realme-10-5g-price-in-france/,6,"[""performance"",""battery"",""storage""]",Performance,Battery,Storage,7.0,6.0,5.0,6,5,6,6,6,6,5,6,6,6,5.0,6,6,6,6.0,6.0,3,I searched for and compared additional sources,,,6.0,6-10,"Yes, probably. It helped me find prices and specs quite fast, and I liked that I could see different stores’ offers in one place. It’s convenient for quick product comparisons.",2025-11-09 18:46:22.047023+00:00,2025-11-09 18:48:11.652781+00:00,2025-11-09 18:56:01.422575+00:00,118.167.79.121,desktop,2025-11-09 18:54:11.713074+00:00,2025-11-09 18:45:14.981+00,2025-11-09 18:46:51.136+00,96155.0
819b9a0d-1a04-421f-bc67-6629df6fe9d1,,Male,High school or below,Employed,Dutch,Netherlands,The Netherlands,Netherlands,6,1,3-5 times,Google,Google,,,,€450-599,IPhone 16,Apple,,,,Black,Black,699 euros,"699,00",€600-799,https://www.apple.com/shop/buy-iphone/iphone-16?afid=p239%7C1305164&cid=aos-us-aff-ir-1305164,3,"[""battery"",""performance"",""software""]",Battery,Performance,Software,5.0,6.0,6.0,3,3,2,3,5,3,3,3,4,2,2.0,7,7,7,5.0,3.0,3,I did not find any contradictions,,,3.0,6-10,"No, it didn't give me a products page, which you normally do have on Google, where you can easily compare prices and different phones.",2025-11-09 14:34:05.549335+00:00,2025-11-09 14:38:19.818683+00:00,2025-11-09 14:43:59.460490+00:00,82.151.171.206,desktop,2025-11-09 14:40:26.982718+00:00,2025-11-09 14:33:01.423+00,2025-11-09 14:38:48.298+00,346875.0
847cef5d-5e01-40ea-b33b-c21db312423a,,Female,High school or below,Student,American,USA,USA,USA,5,1,1-2 times,"Amazon, Google target",Amazon,Google target,,,,Apple,Apple,1TB,1 TB,,Blue,Blue,690,"690,00",€600-799,https://www.apple.com/iphone-17/,7,"[""battery"",""camera"",""storage""]",Battery,Camera,Storage,7.0,1.0,5.0,7,7,7,7,7,7,7,7,7,7,7.0,7,7,7,7.0,7.0,7,I trusted the first result I clicked on,,,5.0,less-than-2,"maybe it depends 
",2025-11-08 23:39:17.936337+00:00,2025-11-08 23:39:45.948789+00:00,2025-11-08 23:44:13.949141+00:00,174.87.73.144,desktop,2025-11-08 23:42:13.549422+00:00,2025-11-08 23:37:32.403+00,2025-11-08 23:40:18.374+00,165971.0
84dc1ce4-09c3-4798-9aa0-754802950e3f,55 and above,Female,Master's degree,Student,usa,USA,usa,USA,6,1,1-2 times,"walmart, amazon",Walmart,Amazon,,,Under €150,Google Pixel 9a,Google,Storage: 128- and 256-GB options,128 GB,256 GB,I don't know,,$349,"302,23",€300-449,https://www.ebay.com/itm/146907045387?mkevt=1&mkcid=1&mkrid=711-53200-19255-0&campid=5338915783&toolid=20006&&customid=f211551c8f3d145d52703c1d6482b136&loc_physical_ms=111102&loc_interest_ms=&msclkid=f211551c8f3d145d52703c1d6482b136,4,"[""camera"",""battery"",""performance""]",Camera,Battery,Performance,6.0,6.0,6.0,2,6,1,7,6,6,4,4,4,1,2.0,4,2,1,6.0,5.0,3,I searched for and compared additional sources,,,2.0,less-than-2,No.  I do not like or trust Google.  I avoid it when at all possible.,2025-10-29 10:21:11.212261+00:00,2025-10-29 10:23:40.128652+00:00,2025-10-29 10:31:09.853360+00:00,65.61.74.174,desktop,2025-10-29 10:28:19.265064+00:00,2025-10-29 10:19:50.115+00,2025-10-29 10:23:42.415+00,232300.0
859dd8e7-596e-4f39-a09c-9f2a740dcce9,25-34,Female,Master's degree,Employed,Vietnamese,Vietnam,Germany,Germany,7,1,,"Google, Amazon",Google,Amazon,,,Over €800,Iphone 16 Plus,Apple,,,,,,799,"799,00",€600-799,https://www.apple.com/shop/buy-iphone/iphone-16,5,"[""camera"",""display"",""storage""]",Camera,Display,Storage,5.0,2.0,7.0,5,6,6,6,5,4,4,4,5,6,6.0,6,5,4,5.0,6.0,3,I searched for and compared additional sources,I chose the result that seemed most detailed or complete,,5.0,6-10,"Yes, for overall information",2025-10-24 11:07:53.812269+00:00,2025-10-24 11:08:07.445947+00:00,2025-10-24 11:13:49.124019+00:00,91.38.166.12,desktop,2025-10-24 11:11:45.730514+00:00,2025-10-24 11:06:50.461+00,2025-10-24 11:08:34.378+00,103917.0
861bf96c-d651-4073-b365-7b9326bed46b,18-24,Female,High school or below,Employed,Lithuanian,Lithuania,Lithuania,Lithuania,7,1,6-10 times,Google,Google,,,,€600-799,Iphone 15,Apple,256,256 GB,,blue,Blue,474,"474,00",€450-599,https://www.amazon.com/Apple-iPhone-15-256GB-Black/dp/B0CMPL54BQ?th=1,3,"[""camera"",""storage"",""performance""]",Camera,Storage,Performance,,,,6,5,6,6,5,6,6,6,6,5,7.0,5,6,6,6.0,5.0,3,I relied on my own knowledge or judgment,I searched for and compared additional sources,,5.0,6-10,"Yes, so I don't distract myself with other not related products",2025-11-09 11:19:18.571755+00:00,2025-11-09 11:20:06.226142+00:00,2025-11-09 11:29:18.928936+00:00,84.15.183.238,desktop,2025-11-09 11:27:33.303840+00:00,2025-11-09 11:18:25.446+00,2025-11-09 11:23:18.69+00,293244.0
887f2d30-0918-40a9-8210-55efb4c82d4b,25-34,Male,Bachelor's degree,Employed,Vietnam,Vietnam,Ho Chi Minh City,Vietnam,7,1,,"Google, TikTok, Facebook",Google,TikTok,Facebook,,€600-799,Samsung Galaxy S25 Ultra,Samsung,256 GB,256 GB,,Blue,Blue,894,"894,00",Over €800,https://www.dienmayxanh.com/dien-thoai/samsung-galaxy-s25-ultra,4,"[""camera"",""performance"",""battery""]",Camera,Performance,Battery,5.0,5.0,6.0,5,6,6,6,5,6,6,6,6,4,3.0,6,6,6,7.0,6.0,3,I searched for and compared additional sources,I chose the result that seemed most detailed or complete,I relied on my own knowledge or judgment,5.0,6-10,"I think it’s okay, nothing special, but it meets my basic needs. However, it could be better if it provided smarter support and more relevant information.",2025-10-24 10:08:28.747894+00:00,2025-10-24 10:09:20.103940+00:00,2025-10-24 10:14:42.908607+00:00,104.30.161.158,desktop,2025-10-24 10:12:23.633830+00:00,2025-10-24 10:07:04.821+00,2025-10-24 10:10:48.737+00,223916.0
93081367-9d78-4f2e-a191-0b9bd3d846ce,18-24,Female,High school or below,Employed,italian,Italy,italy,Italy,7,7,6-10 times,amazon shein,Amazon,Shein,,,€600-799,iphone ,Apple,128,128 GB,,black,Black,699,"699,00",€600-799,https://www.apple.com/shop/buy-iphone/iphone-16,4,"[""camera"",""storage"",""performance""]",Camera,Storage,Performance,7.0,2.0,7.0,4,6,5,5,5,6,6,6,6,6,6.0,6,6,6,6.0,6.0,6,I chose the result that seemed most detailed or complete,,,6.0,6-10,,2025-10-29 09:36:42.795520+00:00,2025-10-29 09:37:18.233412+00:00,2025-10-29 09:41:25.952615+00:00,194.230.145.132,mobile,2025-10-29 09:39:58.049155+00:00,2025-10-29 09:34:51.37+00,2025-10-29 09:38:02.061+00,190691.0
9b1ae3c8-a3b1-4ca0-a409-4681a4e01d03,18-24,Male,High school or below,Student,singaporean,,singapore,Singapore,7,1,,google,Google,,,,€450-599,google pixel 9a,Google,128GB,128 GB,,,,399,"399,00",€300-449,https://www.amazon.com/Google-Pixel-Gemini-Smartphone-Incredible/dp/B0DVHV7X53?asc_source=verso&asc_campaign=CM3jl8A0&asc_refurl=https%3A%2F%2Fwww.wired.com%2Fstory%2Fbest-cheap-phones%2F&ascsubtag=5a8f727d213ac83aca7f0a36&tag=w050b-20&th=1,7,"[""battery"",""performance"",""display""]",Battery,Performance,Display,7.0,7.0,7.0,7,6,7,5,6,7,7,7,7,3,3.0,7,7,7,7.0,7.0,3,I trusted the first result I clicked on,,,5.0,less-than-2,"yes, because it is what i usually use ",2025-11-09 06:55:49.299679+00:00,2025-11-09 06:56:13.841271+00:00,2025-11-09 07:00:35.003059+00:00,103.252.200.128,desktop,2025-11-09 06:58:46.204361+00:00,2025-11-09 06:55:04.822+00,2025-11-09 06:56:33.974+00,89152.0
9b95cd3d-0a2c-4f0b-8a62-f19726ffedd0,18-24,Female,High school or below,Student,Slovak,,Slovakia,Slovakia,5,1,,google,Google,,,,Over €800,Iphone 17,Apple,256 GB,256 GB,,White,White,from 799 €,"799,00",€600-799,https://www.apple.com/shop/buy-iphone/iphone-17,1,"[""camera"",""battery"",""software""]",Camera,Battery,Software,4.0,7.0,1.0,7,7,7,7,7,5,4,7,1,1,7.0,7,7,7,7.0,7.0,3,I trusted the first result I clicked on,I relied on my own knowledge or judgment,,5.0,less-than-2,"Yes, because it is very simple and I trust the sources.",2025-11-09 21:58:28.518759+00:00,2025-11-09 21:59:48.846045+00:00,2025-11-09 22:05:11.481339+00:00,90.64.78.67,desktop,2025-11-09 22:02:11.105080+00:00,2025-11-09 21:57:20.506+00,2025-11-09 22:00:54.512+00,214006.0
a4b2a762-b616-4580-958d-1db1b8f44d8e,18-24,Male,High school or below,Student,Italian,Italy,Switzerland ,Switzerland,3,1,3-5 times,"Google, Amazon ",Google,Amazon,,,Over €800,iPhone 16,Apple,256,256 GB,,,,€879,"879,00",Over €800,t-mobile.com,4,"[""display"",""performance"",""battery""]",Display,Performance,Battery,5.0,5.0,5.0,6,6,6,6,7,7,6,6,7,3,2.0,6,6,6,6.0,6.0,3,I relied on my own knowledge or judgment,,,5.0,3-5,"I would probably use it, because it was easy to find the information i needed and it showed only what i needed to see",2025-10-29 10:12:41.510501+00:00,2025-10-29 10:13:01.996630+00:00,2025-10-29 10:24:01.733052+00:00,195.176.44.42,mobile,2025-10-29 10:20:41.907366+00:00,2025-10-29 10:11:38.734+00,2025-10-29 10:19:11.225+00,452491.0
a8f43d95-44c7-4673-ba52-c8d904b1c1d4,35-44,Female,Doctorate / PhD,Employed,Hungarian ,Hungary,Hungary ,Hungary,7,1,,Google ,Google,,,,€600-799,iPhone 17 pro max ,Apple,512,512 GB,,Black ,Black,€1000,"1000,00",Over €800,https://www.apple.com/iphone-17-pro/,7,"[""camera"",""performance"",""display""]",Camera,Performance,Display,7.0,7.0,7.0,7,7,7,7,7,7,4,7,7,7,6.0,5,3,4,5.0,,5,I trusted the first result I clicked on,,,5.0,less-than-2,I do not see any difference between this tools and Google ,2025-10-25 19:56:26.868343+00:00,2025-10-25 19:56:39.668941+00:00,2025-10-25 20:02:25.501036+00:00,84.0.104.92,mobile,2025-10-25 20:00:57.800892+00:00,2025-10-25 19:55:26.081+00,2025-10-25 19:56:43.485+00,77404.0
abbf10a4-e7cc-4b4c-af44-10c758bec7a8,25-34,Female,Bachelor's degree,Student,German,Germany,Germany,Germany,6,1,1-2 times,"Google, Amazon, Vinted",Google,Amazon,Vinted,,€150-299,Samsung Galaxy M52 5G,Samsung,128 GB,128 GB,,white,White,"152,99 (refurbished)","152,99",€150-299,https://www.refurbed.de/p/samsung-galaxy-m52-5g/123915c/,6,"[""battery"",""camera""]",Battery,Camera,,6.0,5.0,3.0,5,5,5,5,5,5,5,5,5,4,5.0,4,5,5,5.0,5.0,3,I did not find any contradictions,,,4.0,6-10,I don't know. Didn't look any different from the usual,2025-11-16 16:30:15.204247+00:00,2025-11-16 16:31:42.555985+00:00,2025-11-16 16:42:29.825894+00:00,176.7.4.133,desktop,2025-11-16 16:39:45.808457+00:00,2025-11-16 16:28:47.663+00,2025-11-16 16:37:57.012+00,549349.0
ac6d4f7a-778d-4320-89e7-044484936156,18-24,Male,Bachelor's degree,Student,Sweden,Sweden,Sweden,Sweden,6,1,3-5 times,"Google, Amazon and AI LLM",Google,Amazon,AI LLM,,€300-449,Iphone 14 pro,Apple,128 GB,128 GB,,Black,Black,€509,"509,00",€450-599,https://www.refurbed.se/,4,"[""software"",""battery"",""performance""]",Software,Battery,Performance,5.0,4.0,3.0,5,5,5,5,5,4,4,4,5,5,5.0,5,5,5,5.0,5.0,3,I searched for and compared additional sources,I relied on my own knowledge or judgment,I chose the result that seemed most detailed or complete,6.0,3-5,"Yes, its easy",2025-11-09 08:16:17.073754+00:00,2025-11-09 08:17:06.281022+00:00,2025-11-09 08:21:10.033487+00:00,188.149.227.124,desktop,2025-11-09 08:19:18.537131+00:00,2025-11-09 08:15:08.106+00,2025-11-09 08:17:58.357+00,170251.0
ace0e0c2-5c65-4de7-b47e-44beea72844a,35-44,Female,Bachelor's degree,Employed,DE,,DE,Germany,7,1,6-10 times,Google or directly on target shop website,Google,directly on target shop website,,,€600-799,"It was a stupified version of Google without AI mode (or even AI overview), so I'll just stick with the Pixel 9 I actually bought a few months ago.",Google,"The smaller one, was that 64? Dunno, irrelevant, ""enough for apps"", so I chose the cheaper version.",64 GB,,black,Black,599,"599,00",€450-599,amazon.de - can't do as I am on a VPN and am shown US products. In reality I shopped without VPN to prevent fraud detection issues with CC.,4,"[""performance"",""software""]",Performance,Software,,4.0,5.0,6.0,3,2,4,7,4,1,2,4,4,1,1.0,3,3,1,1.0,1.0,3,I relied on my own knowledge or judgment,Other,,4.0,less-than-2,"No, as top hits were reddit and potentially tailored to my fake geolocation (was: EN/US), dunno. I can say that I really like AI Mode on Google (which I am using since summer [alas at time of purchase of smartphone] as I am NOT wearing my stigma ""I am from a shithole country, I am from the EU"" on my virtual forehead due to VPN). That was very clear now, in the face of its absence. Like seeing a shithole country (EU) version of Google, lol. The version for the peasants in their golden cages of regulation. :-)",2025-10-26 09:41:45.692003+00:00,2025-10-26 09:42:24.297147+00:00,2025-10-26 09:54:15.439283+00:00,86.62.29.138,desktop,2025-10-26 09:49:29.578422+00:00,2025-10-26 09:40:51.718+00,2025-10-26 09:43:42.111+00,170393.0
b3098529-2d82-46a7-8fc0-f2d770a6769e,18-24,Female,Master's degree,Employed,USA,USA,Switzerland ,Switzerland,7,1,,Google/price comparators,Google,Price comparison sites,,,Under €150,Pixel pro 6 refurbished,Google,128,128 GB,,,,220€,"220,00",€150-299,https://refurbished.mediamarkt.ch/ch_de/unsere-refurbished-smartphones/google/google-pixel-6-pro,5,"[""performance"",""software"",""storage""]",Performance,Software,Storage,4.0,4.0,5.0,3,5,5,5,5,5,5,6,6,3,3.0,3,3,4,3.0,5.0,3,I searched for and compared additional sources,I chose the result that seemed most detailed or complete,I relied on my own knowledge or judgment,2.0,less-than-2,"I prefer not going to straight to a shopping interface when i need to make an important purchase

I like to weigh reviews and secondary opinions and doing research in such cases",2025-10-29 08:45:50.791513+00:00,2025-10-29 08:46:15.116716+00:00,2025-10-29 08:52:41.220035+00:00,195.176.44.39,mobile,2025-10-29 08:50:04.543460+00:00,2025-10-29 08:44:25.949+00,2025-10-29 08:46:28.581+00,122632.0
b64f74c1-f0b2-4cc4-8f56-3650aa9fa5ba,25-34,Prefer not to say,Master's degree,Student,Turkish,Turkey,Switzerland,Switzerland,7,1,3-5 times,Amazon,Amazon,,,,€450-599,"iPhone 15, (renewed on Amazon)",Apple,128gb,128 GB,,pink,Pink,€375.51,"375,51",€300-449,https://www.amazon.com/Apple-iPhone-128GB-TracFone-Renewed/dp/B0DJYLMTRK/ref=sr_1_2?dib=eyJ2IjoiMSJ9.9Q6mnJa2RW02THB7dfNofo1FQi0T7eUKG6UOJIJB8jVLoqbZuJXGn7f-CU1xeAJBt262N4ko6YIEVLLLuLkIIlYmCrwGwm9EPDN8nx4CRzj8bTapX49aUqwk_OtnUpdGa4MR6WJ6Fmn4GuZxvcCkCAPjOfsUTNs3Q8n2U0Z76yfnbdcGo94P7A9A0gjkauIKa90BExeeWUmWdAwC7FQSPbgu07dEmB8_-qmDTZo4e60.wNVUC0yzZKQDJYxm4iQEulzbdI6d4KuA-LV2AOX5mmU&dib_tag=se&keywords=iphone+15&qid=1763029716&sr=8-2&language=en_US&currency=EUR,4,"[""camera"",""performance"",""battery""]",Camera,Performance,Battery,5.0,5.0,2.0,2,3,3,6,6,4,3,4,4,2,1.0,3,2,2,3.0,3.0,3,I searched for and compared additional sources,I chose the result that seemed most detailed or complete,I relied on my own knowledge or judgment,4.0,6-10,"Not really, I would probably rely on forums and youtube.",2025-11-13 10:21:16.971464+00:00,2025-11-13 10:21:54.827610+00:00,2025-11-13 10:33:26.787862+00:00,195.176.44.46,desktop,2025-11-13 10:31:18.164959+00:00,2025-11-13 10:20:04.277+00,2025-11-13 10:28:22.08+00,497803.0
c03cfb72-188d-4677-ab8d-eacd1ea933d7,25-34,Male,Bachelor's degree,Employed,India,India,India,India,6,1,1-2 times,Amazon,Amazon,,,,€150-299,Samsung Galaxy A16,Samsung,125 GB,125 GB,,Blue,Blue,163,"163,00",€150-299,https://www.amazon.com/SAMSUNG-Unlocked-Smartphone-Charging-Expandable/dp/B0DLHNWHRF/ref=sr_1_1?dib=eyJ2IjoiMSJ9.TnUofsaFbWRBGaufREqT4jjX3grSes0A7lJDpcdBprIU9UFzoceOlflUyVSGJ89xdOufTzUMr2K5epHYTMZ1dQY5y0Xmgj6DGLN4CgPynA00eZ6zRZsS0eMp3HKvI8k_Pmo7mZy1P10aAy-jd1UmbsmfXyX3iSUzJLczGqkJmmEMqg-ei6FDyzOQhzlKWJ6i9MpSeCdGYnBfDc_x9CQQttkaVUxnTCXcQ7aIc2eZ1Ac.f-VFW-WQ_jAX35WNpSNOfXEcy0GQRergiG6lvt-iS60&dib_tag=se&keywords=smartphone&qid=1762679944&sr=8-1&th=1,6,"[""storage"",""performance"",""battery""]",Storage,Performance,Battery,6.0,3.0,2.0,6,6,6,7,5,6,6,6,6,5,5.0,6,5,5,6.0,,3,I searched for and compared additional sources,I relied on my own knowledge or judgment,,6.0,3-5,"Yes, it makes the comparison across products easy and intuitive.",2025-11-09 09:17:12.771333+00:00,2025-11-09 09:18:02.320406+00:00,2025-11-09 09:25:05.019152+00:00,103.44.0.245,desktop,2025-11-09 09:21:54.834001+00:00,2025-11-09 09:16:16.562+00,2025-11-09 09:18:20.255+00,123693.0
c1f0ba55-5c73-4fea-9787-42583c2823aa,25-34,Female,Bachelor's degree,Employed,Filipino,Philippines,Philippines,Philippines,7,1,,Shopee,Shopee,,,,Over €800,Iphone 17 pro max,Apple,256GB,256 GB,,Deep Blue,Deep Blue,$1480,"1281,68",Over €800,https://www.abenson.com/apple-iphone-17-pro-max-256gb-deep-blue.html,3,"[""battery"",""camera"",""storage""]",Battery,Camera,Storage,7.0,7.0,7.0,7,7,7,7,7,7,7,7,7,7,7.0,7,7,7,7.0,,3,I trusted the first result I clicked on,,,5.0,6-10,yes because it's easy to use,2025-11-09 00:09:40.682662+00:00,2025-11-09 00:10:10.567157+00:00,2025-11-09 00:14:12.414202+00:00,49.145.217.184,desktop,2025-11-09 00:13:11.673570+00:00,2025-11-09 00:08:50.69+00,2025-11-09 00:10:50.269+00,119579.0
cf3618a7-68f2-404d-86b7-6070fd32f54d,25-34,Female,Bachelor's degree,Employed,Vietnam,Vietnam,Vietnam,Vietnam,6,1,6-10 times,"Google, Ecommerce site (Shopee), Tiktok, Chat GPT",Google,Ecommerce site (Shopee),TikTok,Chatgpt,€450-599,iPhone 14,Apple,128GB,128 GB,,Blue,Blue," €342,96","342,96",€300-449,https://clickbuy.com.vn/iphone-14-128gb-cu-dep-99.html,4,"[""battery"",""performance"",""camera""]",Battery,Performance,Camera,6.0,5.0,6.0,5,6,6,6,6,6,6,5,6,2,2.0,5,5,5,5.0,5.0,3,I searched for and compared additional sources,Other,,3.0,more-than-10,"Yes, I always use Google first for anything related to shopping. It not only helps me find shopping sites to view product details, but also allows me to look for reviews and feedback from articles, forums, and other places.",2025-10-23 14:39:24.346217+00:00,2025-10-23 14:59:03.571362+00:00,2025-10-23 15:09:55.039042+00:00,203.167.11.234,desktop,2025-10-23 14:59:13.839465+00:00,2025-10-23 14:38:33.567+00,2025-10-23 14:42:57.166+00,263599.0
d6939226-3b6f-4d7b-99ab-d4c3c1db64e6,25-34,Female,Master's degree,Employed,UK,UK,De,Germany,5,1,6-10 times,"Google,  Amazon ",Google,Amazon,,,Over €800,Iphone Air,Apple,256 GB,256 GB,,Sky Blue,Sky Blue,About 900 euros (price was 999 in USD),"780265,13",Over €800,Apple.com,2,"[""battery"",""storage"",""camera""]",Battery,Storage,Camera,3.0,3.0,7.0,3,3,5,4,5,3,3,3,4,3,6.0,3,6,5,2.0,4.0,3,I chose the result that seemed most detailed or complete,I relied on my own knowledge or judgment,,5.0,6-10,The first few search results were not related to the keywords used and had to do a few searches to find one that was more useful,2025-10-25 18:11:57.986523+00:00,2025-10-25 18:13:47.313311+00:00,2025-10-25 18:31:08.464604+00:00,46.128.86.15,mobile,2025-10-25 18:25:37.902522+00:00,2025-10-25 18:10:45.014+00,2025-10-25 18:13:49.325+00,184311.0
d6b9ed83-fd24-4816-90a5-d25d61a1048f,18-24,Male,Master's degree,Student,Scottish,UK,Scotland,UK,6,1,3-5 times,"Google, amazon",Google,Amazon,,,€150-299,iPhone 12,Apple,64GB,64 GB,,Black,Black,155,"155,00",€150-299,https://www.backmarket.com/en-us/p/iphone-12-64-gb-black-unlocked/233eb774-20da-4381-8392-04d3e945b9da?l=11#,4,"[""battery"",""performance"",""storage""]",Battery,Performance,Storage,7.0,5.0,5.0,5,5,6,7,7,7,7,7,7,7,7.0,7,7,7,7.0,7.0,3,I did not find any contradictions,,,4.0,3-5,"I would, as i searched for a specific price-range and all results were relevant for that range",2025-11-10 13:21:46.031399+00:00,2025-11-10 13:22:13.444112+00:00,2025-11-10 13:26:02.746997+00:00,130.159.237.31,desktop,2025-11-10 13:24:27.523874+00:00,2025-11-10 13:21:02.754+00,2025-11-10 13:23:28.754+00,146000.0
d93d09fa-66e9-4149-bf0b-188c0c466fce,18-24,Female,Bachelor's degree,Student,German,Germany,Germany,Germany,7,1,1-2 times,Google,Google,,,,€300-449,Samsung Flip7,Samsung,256 GB,256 GB,,Blue,Blue,1.099,"1,10",Under €150,https://www.samsung.com/us/smartphones/galaxy-z-flip7/,5,"[""battery"",""storage"",""performance""]",Battery,Storage,Performance,,,,1,1,1,1,1,1,1,1,1,1,1.0,1,6,1,1.0,1.0,3,Other,,,1.0,3-5,"No, very bad, frustrating and unsatisfactory. Frustration tolerance was quickly reached and I gave up because it was annoying ",2025-10-26 13:38:51.464226+00:00,2025-10-26 13:39:24.127166+00:00,2025-10-26 13:51:31.468197+00:00,109.192.255.38,mobile,2025-10-26 13:49:30.149606+00:00,2025-10-26 13:38:05.89+00,2025-10-26 13:45:27.249+00,441359.0
d979481f-3576-40a8-9fe3-f7a8af66bb6a,35-44,Male,Master's degree,Employed,German,Germany,Germany,Germany,5,1,3-5 times,Google,Google,,,,€300-449,Samsung Galaxy A54,Samsung,128 GB,128 GB,,Black,Black,€349,"349,00",€300-449,https://www.amazon.de/dp/samsung-galaxy-a54,4,"[""battery"",""camera"",""performance""]",Battery,Camera,Performance,5.0,4.0,6.0,5,4,5,6,5,6,5,4,5,3,2.0,5,5,4,5.0,5.0,3,I searched for and compared additional sources,I relied on my own knowledge or judgment,,4.0,less-than-2,I found the search interface helpful and easy to use. The results were relevant and provided good information about different smartphone options. I would consider using this for shopping tasks in the future because it was efficient and the information was well-organized. The ability to compare features and prices quickly was particularly useful.,2025-11-06 22:05:50.533458+00:00,2025-11-06 22:06:27.182338+00:00,2025-11-06 22:13:43.465745+00:00,80.49.165.148,desktop,2025-11-06 22:10:10.326605+00:00,2025-11-06 22:01:22.388+00,2025-11-06 22:07:11.237+00,348849.0
dff30e7b-01b7-49ba-b31c-1ae0e4091112,35-44,Male,Master's degree,Employed,Brazilian,Brazil,UK,UK,7,1,,Amazon,Amazon,,,,Over €800,iphone pro 17,Apple,256,256 GB,,orange,Orange,999,"999,00",Over €800,https://www.apple.com/iphone-17-pro/,4,"[""camera"",""performance"",""battery""]",Camera,Performance,Battery,,,,6,5,6,6,6,4,3,4,3,4,2.0,6,6,3,5.0,5.0,3,I trusted the first result I clicked on,,,7.0,less-than-2,,2025-11-06 20:12:07.422482+00:00,2025-11-06 20:12:24.603052+00:00,2025-11-06 20:22:03.322365+00:00,81.106.246.220,desktop,2025-11-06 20:21:04.290762+00:00,2025-11-06 20:11:24.088+00,2025-11-06 20:13:30.646+00,126558.0
e735e6de-c6c4-4eb8-96c1-1a1e77104d72,25-34,Female,Bachelor's degree,Employed,Colombia,Colombia,Germany ,Germany,6,1,3-5 times,Amazon,Amazon,,,,€600-799,iPhone 16,Apple,128 GB,128 GB,,Blue,Blue,€697,"697,00",€600-799,https://www.bestbuy.com/product/apple-iphone-16-128gb-apple-intelligence-ultramarine-at-t/JCQ6HRG679,4,"[""battery"",""camera"",""storage""]",Battery,Camera,Storage,5.0,7.0,4.0,2,4,5,5,5,5,4,5,5,2,2.0,5,4,4,5.0,5.0,3,I searched for and compared additional sources,,,2.0,3-5,.,2025-11-10 20:28:30.836660+00:00,2025-11-10 20:29:10.785589+00:00,2025-11-10 20:35:16.911439+00:00,91.49.150.27,mobile,2025-11-10 20:33:43.281651+00:00,2025-11-10 20:27:19.387+00,2025-11-10 20:29:27.667+00,128280.0
e98964ae-fbfd-42ee-9e6e-20b332d1a03d,55 and above,Male,Master's degree,Employed,Grrek,Greece,Greece,Greece,7,1,,Google,Google,,,,€300-449,Xiaomi Mi 11T ,Xiaomi,128 GB,128 GB,,Black,Black,Did not find a price,,,https://www.hemfrance.com/en/new-mobiles-and-smartphones/11237-xiaomi-mi-11t-5g-dual-sim-667-128-gb-8-gb-ram-gray,3,"[""performance"",""storage"",""camera""]",Performance,Storage,Camera,6.0,7.0,5.0,7,5,5,7,4,5,4,4,6,2,,6,6,2,6.0,6.0,3,I relied on my own knowledge or judgment,I searched for and compared additional sources,I did not find any contradictions,6.0,3-5,Yes but not much different from standard Google,2025-11-10 10:25:53.044639+00:00,2025-11-10 10:26:50.340285+00:00,2025-11-10 10:34:00.811723+00:00,194.219.171.2,desktop,2025-11-10 10:31:45.451502+00:00,2025-11-10 10:25:03.47+00,2025-11-10 10:29:48.79+00,285320.0
ed06f6e9-c278-47f8-b36b-ce7e800f0ffa,25-34,Male,Master's degree,Employed,German,Germany,Germany,Germany,7,1,,Amazon,Amazon,,,,€600-799,Iphone 16 pro,Apple,256,256 GB,,titanium ,Titanium,721,"721,00",€600-799,Amazon,4,"[""camera"",""performance"",""storage""]",Camera,Performance,Storage,6.0,2.0,6.0,5,5,5,5,5,5,5,5,5,5,5.0,5,5,5,5.0,5.0,3,I searched for and compared additional sources,I chose the result that seemed most detailed or complete,I relied on my own knowledge or judgment,5.0,3-5,Ya,2025-11-10 15:22:55.524409+00:00,2025-11-10 15:23:41.349220+00:00,2025-11-10 15:29:15.361627+00:00,5.42.207.10,mobile,2025-11-10 15:26:36.725941+00:00,2025-11-10 15:22:05.896+00,2025-11-10 15:25:09.232+00,183336.0
ed6175c1-1a79-4e62-8c08-086d4003d715,18-24,Male,High school or below,Student,Italian,Italy,Italy,Italy,6,1,,"Google, amazon",Google,Amazon,,,Over €800,Samsung galaxy s23,Samsung,256 Gb,256 GB,,Green,Green,850,"850,00",Over €800,https://www.amazon.com/SAMSUNG-Galaxy-S23-Factory-Unlocked/dp/B0C5B736X3,4,"[""battery"",""performance"",""storage""]",Battery,Performance,Storage,4.0,4.0,5.0,5,4,4,6,5,5,5,5,3,3,3.0,5,6,5,4.0,3.0,3,I searched for and compared additional sources,I chose the result that seemed most detailed or complete,,6.0,3-5,No because there is chat gpt or the normal version of google,2025-10-29 09:59:40.966168+00:00,2025-10-29 10:02:15.912100+00:00,2025-10-29 10:06:54.826096+00:00,93.44.19.47,mobile,2025-10-29 10:02:58.996702+00:00,2025-10-29 09:57:50.641+00,2025-10-29 10:00:10.785+00,140144.0
f5e6f1b0-b148-4360-b6c6-56123f358522,18-24,Female,Bachelor's degree,Employed,Indian,India,India,India,7,1,0 times,Google,Google,,,,€300-449,iPhone 16 ,Apple,128,128 GB,,Ultramarine,Ultramarine,729,"729,00",€600-799,https://www.optimum.com/mobile/shop/phones/apple-iphone-16,3,"[""camera"",""display"",""performance""]",Camera,Display,Performance,7.0,2.0,7.0,7,7,7,7,6,7,7,7,6,6,6.0,7,6,6,6.0,7.0,3,I searched for and compared additional sources,I did not find any contradictions,,6.0,less-than-2,"Yes, sure. I seems easy, convenient and user-friendly. ",2025-11-09 11:32:03.944536+00:00,2025-11-09 11:39:01.272845+00:00,2025-11-09 11:52:57.641890+00:00,49.36.114.43,desktop,2025-11-09 11:48:17.955754+00:00,2025-11-09 11:30:35.346+00,2025-11-09 11:44:13.292+00,817946.0
