query_id,click_order,click_time,clicked_rank,clicked_url
330f3c5d-8940-4967-a16d-4bb05c072ef4,1,2025-11-10 20:30:06.42+00,1,https://www.apple.com/iphone/
8994a003-03db-43ac-81f5-6b8cfedb13fe,1,2025-11-09 15:06:30.735+00,1,https://www.amazon.com/SAMSUNG-Unlocked-Smartphone-High-Res-Manufacturer/dp/B0DCLGFD1D
ef0abb8a-b91f-4e3e-a846-caa70cd8d61a,1,2025-10-29 10:01:16.183+00,3,https://www.amazon.com/SAMSUNG-Galaxy-S23-Factory-Unlocked/dp/B0C5B736X3
3cad32b8-dfb5-47eb-8422-ead29fd22d7d,1,2025-11-09 03:44:39.169+00,1,https://www.amazon.com/Cheap-SmartPhones/s?k=Cheap+SmartPhones
c8e8d515-bbed-43b0-b0e8-4353bdb46834,1,2025-10-31 09:33:45.185+00,2,https://www.reepeat.fr/articles/avis-samsung-galaxy-s21
345e1d8c-3b82-4138-864c-f5f9008154bb,1,2025-10-24 16:36:29.024+00,1,https://www.apple.com/iphone-17-pro/
15c44ea2-5fce-41ee-a446-6647422db9a7,1,2025-10-31 22:14:44.182+00,11,https://shop.fairphone.com/fairphone-5
b3f091c7-5a9f-4020-94ff-8ff6f7df8c98,1,2025-11-09 04:59:27.378+00,1,https://www.apple.com/shop/buy-iphone/iphone-16
3def15ce-0dad-4b6e-b35d-ec0b6878525a,1,2025-10-31 22:13:09.893+00,1,https://www.reddit.com/r/Anticonsumption/comments/103guyi/sustainable_smartphone/
c104e94c-0a07-411b-8d9e-1120984c0b36,1,2025-10-24 19:15:38.069+00,9,https://www.amazon.de/-/en/Mobile-Phones-Smartphones/b?ie=UTF8&node=3468301
a761eba6-1f79-406e-9f31-24439fd59744,5,2025-11-13 10:24:21.548+00,4,https://www.techradar.com/news/best-phone
4cf23b98-ac82-4047-813b-62199580f7ac,1,2025-11-09 11:25:51.582+00,1,https://www.amazon.com/Apple-iPhone-15-256GB-Black/dp/B0CMPLKVDB
a761eba6-1f79-406e-9f31-24439fd59744,6,2025-11-13 10:24:43.065+00,5,https://www.cnet.com/tech/mobile/best-phone/
af9d20e6-ea73-4543-bebb-cb1839708ced,1,2025-11-09 14:36:15.779+00,3,https://www.bestbuy.com/site/mobile-cell-phones/iphone/pcmcat305200050000.c?id=pcmcat305200050000
0744ba2a-a874-4126-a596-2ccf4c5a1574,2,2025-10-31 22:14:03.456+00,5,https://www.ethicalconsumer.org/technology/shopping-guide/ethical-mobile-phones
5c605c30-0087-4f9d-917d-6a5d31502d1d,1,2025-11-09 04:59:01.387+00,2,https://www.amazon.com/Apple-iPhone-15-128GB-Black/dp/B0CMPMY9ZZ
6af15622-1c78-49ea-baec-c6cb7bbb5d5c,1,2025-11-09 11:23:02.784+00,3,https://www.apple.com/in/iphone/compare/
01dfe28b-a6a7-4b30-8a13-43e10bd5d085,2,2025-11-13 10:26:37.348+00,2,https://www.amazon.com/Apple-iPhone-15-128GB-Black/dp/B0CMPMY9ZZ
345e1d8c-3b82-4138-864c-f5f9008154bb,2,2025-10-24 16:38:43.285+00,1,https://www.apple.com/iphone-17-pro/
01dfe28b-a6a7-4b30-8a13-43e10bd5d085,3,2025-11-13 10:27:55.571+00,3,https://www.apple.com/newsroom/2023/09/apple-debuts-iphone-15-and-iphone-15-plus/
546d9c9e-954b-48e5-820b-0c4cce2b2c23,3,2025-11-11 05:10:45.051+00,3,https://www.amazon.com/Apple-iPhone-Version-256GB-Titanium/dp/B0DPDJ3PJF
f6409318-d4f1-4938-abd4-fc0424e88714,2,2025-10-24 09:01:45.584+00,2,https://www.bestbuy.com/site/iphone/shop-iphone-16-models/pcmcat1725981758432.c?id=pcmcat1725981758432
9f3baf7d-96bf-4b10-a61e-8ac16cb33ddb,1,2025-10-31 22:17:27.314+00,1,https://www.ebay.com/shop/fairphone-5?_nkw=fairphone+5
a8c1b7e2-3e95-4109-b233-40125358414f,1,2025-11-09 22:00:05.757+00,5,https://www.apple.com/shop/buy-iphone/iphone-17
37922057-b424-446e-94fd-48972fca1829,1,2025-10-24 11:10:59.469+00,1,https://www.apple.com/shop/buy-iphone/iphone-16
8e59fee6-c792-4e80-896d-d51bf13ff81f,1,2025-11-06 20:13:15.251+00,1,https://www.apple.com/iphone-17-pro/
a761eba6-1f79-406e-9f31-24439fd59744,2,2025-11-13 10:22:17.069+00,1,https://www.reddit.com/r/Smartphones/comments/1lrsvyg/what_phone_is_everyone_using_in_2025_and_what/
21adb171-f4b2-4ec0-acbc-eba24e6fefbb,1,2025-11-11 05:12:06.448+00,2,https://www.bestbuy.com/product/apple-iphone-16-pro-max-256gb-apple-intelligence-white-titanium-verizon/JCQ6HRFWVS
d42ba008-c35b-41ce-a09b-eeadc8370c42,1,2025-10-29 09:55:47.502+00,1,https://www.amazon.com/Apple-iPhone-15-Plus-128GB/dp/B0CMT4XDSC
47ca9ac6-6229-4238-8c5f-efb333973c54,1,2025-11-09 11:36:32.453+00,2,https://store.google.com/us/category/phones
5f879384-f99b-4125-8fd6-3a0a2e9df07c,1,2025-11-09 06:57:08.172+00,2,https://www.wired.com/story/best-cheap-phones/
af9d20e6-ea73-4543-bebb-cb1839708ced,2,2025-11-09 14:36:26.841+00,7,https://www.wired.com/gallery/iphone-buying-guide/
b10a18f1-0141-4105-8ad0-80fb68cc8e54,1,2025-10-29 10:02:04.355+00,3,https://www.amazon.com/SAMSUNG-Galaxy-S23-Factory-Unlocked/dp/B0C5B736X3
07e24f82-f867-4794-afbd-b704031ee17d,1,2025-10-25 18:13:37.493+00,4,https://www.cnet.com/tech/mobile/best-phone/
bc2d3697-b975-4e8f-8eec-b0ec8f78337d,1,2025-11-13 10:25:38.216+00,4,https://www.reddit.com/r/Smartphones/comments/1kp604b/phone_under_500_coming_out_thats_worth_waiting_for/
26404209-dd1c-498c-b5fe-67df2ca410e0,1,2025-10-31 09:29:15.801+00,1,https://www.ldlc.com/telephonie/telephonie-portable/mobile-smartphone/c4416/
f6409318-d4f1-4938-abd4-fc0424e88714,3,2025-10-24 09:01:58.637+00,3,https://www.apple.com/iphone/
b181b232-4df3-4f8d-96a6-be9346d47583,1,2025-10-25 12:43:39.77+00,1,https://www.apple.com/iphone/
8c2a152a-9a2d-473c-9f10-910ee3460049,1,2025-11-09 05:02:51.039+00,1,https://www.samsung.com/us/smartphones/galaxy-s25-fe/buy/galaxy-s25-fe-256gb-unlocked-sku-sm-s731uzwexaa/
511fdc5c-5213-4abe-9e05-e9324ac4ebe0,1,2025-10-25 18:20:33.661+00,4,https://nanoreview.net/en/phone-compare/xiaomi-17-pro-vs-apple-iphone-17-pro
c48a9796-0cdc-4da6-a6e5-fbf0481d388f,1,2025-10-25 18:14:40.125+00,5,https://www.reddit.com/r/PickAnAndroidForMe/comments/1db4f9p/what_phone_under_1000_to_get/
0a84377b-04c0-4980-be46-d20e9bfadd35,1,2025-11-09 11:20:32.945+00,1,https://www.apple.com/shop/buy-iphone/iphone-16
1af1986f-339f-429f-8dbb-9d26f7817c0a,1,2025-11-09 15:04:45.896+00,3,https://www.samsung.com/us/smartphones/galaxy-s24-fe/
8157fd93-2fa9-4b1c-a01a-30479f5e9e7f,1,2025-10-31 22:17:39.338+00,1,https://www.ebay.co.uk/b/bn_21824712
97a4d6e0-00a1-4a8d-b4d1-ee8038cb4787,1,2025-11-09 11:39:46.994+00,7,https://www.optimum.com/mobile/shop/phones
f6409318-d4f1-4938-abd4-fc0424e88714,1,2025-10-24 09:00:13.421+00,1,https://www.apple.com/shop/buy-iphone/iphone-16
52acfd2c-4aeb-4339-a2e5-f0b6cbc34f9e,1,2025-10-24 10:10:34.456+00,1,https://www.dienmayxanh.com/dien-thoai/samsung-galaxy-s25-ultra/danh-gia
91ba4e35-4487-487b-a71b-dababc3e1a90,1,2025-10-24 14:22:36.135+00,5,https://www.mediamarkt.de/de/content/handy-gadgets/smartphones/handys-bis-300-euro-in-tests
da12ca92-fe7b-439c-bf94-b5bfaebdde64,1,2025-11-09 15:02:25.154+00,10,https://www.accio.com/business/best-selling-smartphones-under-700-2025
9cdc7379-6a12-4a6b-9ed1-7bfebd65162c,1,2025-11-10 13:22:44.466+00,3,https://www.reddit.com/r/Smartphones/comments/1hm85j1/what_is_a_phone_i_can_get_for_300_and_will_last/
d2ce6c9f-2c31-4e42-a041-bb37022f375d,1,2025-11-09 11:12:02.73+00,2,https://www.cnet.com/tech/mobile/best-phone/
546d9c9e-954b-48e5-820b-0c4cce2b2c23,4,2025-11-11 05:11:13.596+00,5,https://www.cspire.com/buy/devices/details/prod31720087/iphone-16-pro
a06e9e84-5208-480f-a989-75874b83a679,1,2025-11-09 15:53:02.031+00,1,https://www.apple.com/iphone/
304e138b-0168-4b07-b903-1a238d2132f1,1,2025-10-24 11:09:35.727+00,2,https://www.apple.com/iphone/buy/
464b5aaa-0f2a-42a2-ae68-7acef07aaa75,1,2025-11-10 03:27:07.531+00,4,https://www.apple.com/iphone/
f61ae064-3012-42b2-82a3-bea193413f15,1,2025-11-09 14:38:37.827+00,1,https://www.reddit.com/r/de_EDV/comments/1iw7aoc/welches_iphone_f%C3%BCr_700/?tl=en
c72c802b-b602-4ac6-8bff-ecf5a931d495,1,2025-11-09 14:59:41.077+00,10,https://www.accio.com/business/best-selling-smartphones-under-700-2025
546d9c9e-954b-48e5-820b-0c4cce2b2c23,1,2025-11-11 05:09:35.904+00,1,https://www.amazon.com/Apple-iPhone-Version-256GB-Titanium/dp/B0DHJ8MZP2
60b9e81d-e1ae-46e9-9993-55a6e274c413,1,2025-10-26 13:39:57.301+00,1,https://www.samsung.com/us/smartphones/galaxy-z-flip7/
0744ba2a-a874-4126-a596-2ccf4c5a1574,1,2025-10-31 22:13:30.487+00,1,https://www.asus.com/content/eco-friendly-smartphones-the-future-of-sustainable-tech-in-your-pocket/
5a464179-37ba-4c29-b976-d68b8a59af17,1,2025-10-29 08:46:42.408+00,1,https://www.reddit.com/r/Smartphones/comments/1kpq8do/best_phone_for_150_euros/
b7500a8b-9f16-43db-8621-0cfb7152f444,1,2025-10-25 18:22:07.074+00,1,https://www.apple.com/iphone-17/
aa9f8062-4b5a-4d00-a7ce-92133812f1d7,1,2025-11-09 11:21:08.58+00,7,https://www.att.com/buy/phones/apple-iphone-15.html
a761eba6-1f79-406e-9f31-24439fd59744,4,2025-11-13 10:23:25.381+00,3,https://www.reddit.com/r/Smartphones/comments/1nldka1/what_is_the_best_smartphone_to_get_in_2025/
9fb01c3d-db91-4f4f-82bc-4cc36e878cd5,1,2025-11-09 11:12:20.524+00,2,https://www.wired.com/story/best-cheap-phones/
5a464179-37ba-4c29-b976-d68b8a59af17,2,2025-10-29 08:47:51.781+00,2,https://www.kimovil.com/en/best-smartphones-under-150-euros
a761eba6-1f79-406e-9f31-24439fd59744,7,2025-11-13 10:25:06.911+00,6,https://www.tomsguide.com/best-picks/best-phones
c878b1b9-cf2f-4b8e-85d1-52ac9e10f9f6,1,2025-10-25 18:15:49.183+00,1,https://www.phonearena.com/phones/compare
ec87f583-eedb-41a2-946d-440992ab1f08,1,2025-11-09 09:19:06.432+00,4,https://www.amazon.com/smartphone/s?k=smartphone
546d9c9e-954b-48e5-820b-0c4cce2b2c23,2,2025-11-11 05:10:02.888+00,2,https://www.bestbuy.com/product/apple-iphone-16-pro-max-256gb-apple-intelligence-white-titanium-verizon/JCQ6HRFWVS
17f4aa90-be5b-434e-b0fc-e92b4e9d4f2a,1,2025-11-13 10:28:16.044+00,1,https://www.amazon.com/iphone-15/s?k=iphone+15
1d6db750-4a0a-4ebf-b45a-81583166cff5,1,2025-11-09 11:21:49.955+00,1,https://www.reddit.com/r/iphone/comments/179xbjj/iphones_are_in_fact_better_value_in_the_long_run/
726437e8-d65d-49c9-91e5-0920a3204523,1,2025-11-16 16:32:21.268+00,2,https://www.refurbed.de/
e6a36d1a-fd99-43b0-a005-7cff7432ccd2,1,2025-10-31 09:27:03.218+00,1,https://www.fnac.com/Tous-les-telephones-portables-et-smartphones/Tous-les-telephones/nsh130385/w-4
60b9e81d-e1ae-46e9-9993-55a6e274c413,3,2025-10-26 13:42:26.991+00,5,https://eu.community.samsung.com/t5/galaxy-z-fold-z-flip/ongoing-issues-with-samsung-flip-phone-request-for-refund-or/td-p/10629124
9cdc7379-6a12-4a6b-9ed1-7bfebd65162c,2,2025-11-10 13:23:00.24+00,4,https://www.backmarket.com/en-us/l/smartphone-under-200-dollars/f63e4396-0a31-48c5-8561-fc9e352369ec
04aa2261-185f-4beb-bb95-ec0993cb08bf,1,2025-11-13 10:26:14.31+00,1,https://www.samsung.com/us/smartphones/galaxy-s25/
c060afc8-8db2-4569-9939-c5891c0a443a,1,2025-10-24 17:09:38.238+00,1,https://www.apple.com/de/iphone/
8f8763e1-a64e-491d-8321-ecf05f0237a5,1,2025-10-29 10:22:16.522+00,5,https://www.wired.com/story/best-cheap-phones/
8994a003-03db-43ac-81f5-6b8cfedb13fe,2,2025-11-09 15:14:35.835+00,3,https://www.samsung.com/us/smartphones/galaxy-s25/buy/galaxy-s25-plus-512gb-unlocked-sku-sm-s936udbexaa/
91cad207-28bc-4981-80f1-ad74d89fe0a7,1,2025-10-26 13:43:25.724+00,6,https://www.pcmag.com/reviews/samsung-galaxy-z-flip-7
21adb171-f4b2-4ec0-acbc-eba24e6fefbb,2,2025-11-11 05:12:23.338+00,1,https://www.amazon.com/Apple-iPhone-Version-256GB-Titanium/dp/B0DHJ8MZP2
16e0a533-6238-4d49-97f6-8986d2f36969,1,2025-11-09 11:24:11.399+00,1,https://www.apple.com/iphone/
c6172080-a5c1-4723-8e52-4f727293af9b,1,2025-11-09 04:59:59.433+00,1,https://www.samsung.com/us/
f08da0d7-f7fc-45a3-869e-c02178c36280,1,2025-11-10 03:26:35.912+00,1,https://www.bestbuy.com/site/electronics/mobile-cell-phones/abcat0800000.c?id=abcat0800000
01dfe28b-a6a7-4b30-8a13-43e10bd5d085,1,2025-11-13 10:26:35.221+00,1,https://www.apple.com/iphone/
a761eba6-1f79-406e-9f31-24439fd59744,3,2025-11-13 10:22:38.978+00,2,https://www.pcmag.com/picks/the-best-phones
a761eba6-1f79-406e-9f31-24439fd59744,1,2025-11-13 10:22:13.55+00,1,https://www.reddit.com/r/Smartphones/comments/1lrsvyg/what_phone_is_everyone_using_in_2025_and_what/
543c1875-c79b-4b6b-9235-8b72ad1a2c6b,1,2025-10-24 11:56:43.93+00,1,https://www.mediamarkt.es/es/brand/apple/iphone/iphone-14
253e9788-83d1-4b23-802d-cdbc81058ea7,1,2025-11-09 08:17:35.78+00,4,https://www.refurbed.ie/p/iphone-14-pro/
342f52aa-e95e-48b5-ba32-973c66d578fb,1,2025-11-10 15:24:22.522+00,1,https://www.amazon.com/iphone/s?k=iphone
726437e8-d65d-49c9-91e5-0920a3204523,2,2025-11-16 16:37:46.12+00,2,https://www.refurbed.de/
60b9e81d-e1ae-46e9-9993-55a6e274c413,2,2025-10-26 13:41:54.428+00,2,https://www.reddit.com/r/Android/comments/1ek6yw1/samsung_galaxy_z_flip_6_review_the_practical_flip/
3def15ce-0dad-4b6e-b35d-ec0b6878525a,2,2025-10-31 22:13:20.837+00,4,https://www.yankodesign.com/2023/07/04/top-10-sustainable-and-eco-friendly-smartphones/
3414426d-5c98-44f0-838e-8827c47f7983,1,2025-10-24 14:14:05.525+00,2,https://www.notebookcheck.net/Ranking-Best-smartphones-for-under-300-dollars-euros.138973.0.html
d4f6a909-b664-4a22-8650-c9f5c49641a2,1,2025-10-24 09:02:24.785+00,1,https://www.apple.com/iphone/
f546a2b3-ff52-4153-bf73-ff98b8f9f3bb,1,2025-10-29 09:39:08.813+00,2,https://www.apple.com/shop/buy-iphone/iphone-16
d42ba008-c35b-41ce-a09b-eeadc8370c42,2,2025-10-29 09:55:58.072+00,3,"https://www.apple.com/iphone/compare/?modelList=iphone-15-pro-max,iphone-15-plus"
5da18149-5ca2-4bdb-8848-ad40536b6a44,1,2025-11-10 10:29:01.759+00,3,https://www.hemfrance.com/en/new-mobiles-and-smartphones/11237-xiaomi-mi-11t-5g-dual-sim-667-128-gb-8-gb-ram-gray
1c7ae4d9-f3ec-4ff5-8953-93a69717b697,1,2025-10-31 09:30:38.168+00,2,https://www.boulanger.com/c/smartphone-telephone-portable/_etat_produit~reconditionne9/brand~samsung
a761eba6-1f79-406e-9f31-24439fd59744,8,2025-11-13 10:25:07.612+00,7,https://www.stuff.tv/features/best-phone/
ae59a13c-2c50-4bf8-80e4-e978b7d0f68c,1,2025-11-09 14:37:47.743+00,1,https://chatgpt.com/
c878b1b9-cf2f-4b8e-85d1-52ac9e10f9f6,2,2025-10-25 18:16:28.492+00,2,https://www.apple.com/iphone/compare/
01dfe28b-a6a7-4b30-8a13-43e10bd5d085,4,2025-11-13 10:28:07.456+00,5,https://support.apple.com/en-us/111831
